Title,Tags,Cost,Effect,Flavor text
5 10 15,BOARD GAME,3,"(fun)(fun)
Pick (suitcase).",Playing via E-Transfer has made this game a lot more cumbersome
7 WONDERS,BOARD GAME,2,(fun)(fun)(fun),I hope nobody notices I'm the only one going for science...
ADDRESS THE FOOD,"FOOD, SOCIAL",2,"Pick a (FOOD_card) in the (suitcase), then immediately play it for free.","If you use the word ""gourmet"", it means it's better"
ADVENTURE RACE,"EXERCISE, OUTDOORS",12,"(fun)(fun)(fun)(fun)(fun)
(fun)(fun)(fun)(fun)(fun)
(fun)(fun)(fun)(fun)(fun)
(fun)(fun)(fun)(fun)(fun)",Should we sign up for the 24-hour one next year?
AFTER DINNER ENTERTAINMENT,SOCIAL,2,Your next (SOCIAL_card) costs -(energy)(energy) and scores +(fun)(fun).,<<<REFER TO NOS BOOK
AFTERNOON COFFEE,FOOD,1,"(energy)(energy)(energy).
Must be your 3rd or later card today.",Gotta make bringing that coffee machine worth it!
AGRICOLA,BOARD GAME,5,"(fun)(fun)(fun)
(fun)(fun)(fun)",The closest we get to farming
ASSORTED CUTLERY,ITEM,3,"Play the top card of (trunk) for free, ignoring any restrictions.",Does anyone have any extra spoons? Our cottage has 4
AUNTERVIEW,SOCIAL,2,"(fun).
TOMORROW: All (SOCIAL_card) +(fun)(fun).",So... Any girls you're interested in?
AZUL,BOARD GAME,3,(fun)(fun)(fun)(fun).,Arts and crafts meets cutthroat strategy
BEACH CONVERSATION,"SOCIAL, OUTDOORS",2,"(fun)(fun).
If (before)(card) is (OUTDOORS_card), (energy)(energy).",
BEACH VOLLEYBALL,"EXERCISE, OUTDOORS",4,"(fun)(fun)(fun)(fun).
If your next (card) is (INDOORS_card), (energy)(energy).",Nos rules!
BEAVER BURGERS,FOOD,3,"(fun)(fun)(fun)(fun)(fun).
(card)(after) cost +(energy).",Friendship is: calling your buddy when taking your pregnant wife to the hospital to let claim your roadkill
BEND THE RULES,"BOARD GAME, SOCIAL",2,(BOARDGAMEcard)(after) cost -(energy)(energy).,"Oh, we've always played this way at my house"
BIOGRAPHY,RELAX,1,(fun)(fun).,
BOAT RIDE,"RELAX, OUTDOORS",2,"(fun).
Your next (ITEM_card) is free.",Hold on to your hat!
BOHNANZA,BOARD GAME,2,"(fun).
You may trash (before)(card) for +(fun)(fun). These cards no longer have effects or score (fun).
(cubes)",I'm drowning in future considerations
BOOBY PRIZE,ITEM,0,Draw 1 (trunk).,"It was your partner's fault, really"
BOUGIE COFFEE MACHINE,"FOOD, ITEM, INDOORS",4,"Draw 3 (trunk), playing any drawn (FOOD_card) for free, ignoring any restrictions.","I'll take a venti nonfat, sugar free vanilla, caramel macchiato quad shot, with whipped cream and 3 Splenda"
BRACELET MAKING,"RELAX, SOCIAL",3,"(fun).
Your next (SOCIAL_card) scores +(fun)(fun)(fun)(fun).",It is mandatory to drop the bucket of beads at least once
BRING A FRIEND,SOCIAL,1,"For cards you play after this, (energy) costs are doubled, and (fun) scored on those cards is doubled.","""This has got to be the most competitive family ever seen!"" Marc-André"
BUBLY,FOOD,0,+(fun)(fun) if any (before)(card) has given you (energy).,"Really, you bought lime?"
BUG SPRAY,"ITEM, OUTDOORS",1,(OUTDOORS_card)(after) score +(fun).,<<DEET QUOTE NOS>>
BUTTER TARTS,FOOD,3,Double your current (energy).,Never disappoints
CALZONES,FOOD,3,"(fun)(fun).
(energy)(energy)(energy).
TOMORROW: (EXERCISE_card) cost +(energy).",I never would have guessed that deep-fried pizza would taste good
CAMP CROSSROADS DESSERT,FOOD,1,(energy) for each (before)(EXERCISE_card).,An all-time classic
CAMPFIRE,"SOCIAL, OUTDOORS",2,"+(fun)(fun) for each ""TOMORROW"" card you have today (played yesterday).",Has anyone tried doing spider würstchen?
CANOE,"EXERCISE, OUTDOORS",3,"(fun)(fun).
Your next (ITEM_card) scores +(fun) equal to its written (energy) cost.",Do you even know how to J-stroke?
CARCASSONNE,BOARD GAME,2,"(fun).
+(fun)(fun)(fun)(fun) if the card before and after are both (BOARDGAME_card).",No points for longest road?
CHALK ART,"RELAX, OUTDOORS",0,(fun).,
CHARCUTERIE,FOOD,2,"(fun)(fun).
(energy).",This cheese smells like Chris' socks after a triathlon
CHEAP RED,FOOD,2,"(fun)(fun).
Your next (FOOD_card) scores +(fun)(fun).","Diesel with notes of dirt, in a bad way"
CHEAP WHITE,FOOD,2,(fun)(fun)(fun).,"Was this bottle corked? No, that's just how it tastes"
CHEESY PHONE GAME,RELAX,1,"(fun).
+(fun)(fun)(fun) if at least half of your opponents have played a (RELAX_card) by END OF DAY.",Let me just watch this 4 minute ad for 3 free gems
CHRISTMAS NAME DRAW,SOCIAL,2,"Choose an opponent's card.
+(fun) for each (before)(card) that shares at least 1 tag with the marked card.
(cubes)",CLOTHES
CHUCK A FRISBEE,"EXERCISE, OUTDOORS",3,"(fun)(fun)(fun).
After END OF DAY scoring is completed, return to your hand.",Hammer toss - go long
CITIES AND KNIGHTS,BOARD GAME,5,"(fun)(fun)(fun)(fun).
You may discard one card for +(fun)(fun)(fun).
(cubes)","Don't trade with him, he's winning!"
CIVILIZATION THE BOARD GAME,"BOARD GAME, INDOORS",10,(fun)(fun)(fun)(fun).,It's no Campaign for North Africa
CLASSIC BOOK,RELAX,2,"(fun)(fun).
Costs -(energy) per (before)(RELAX_card).",
CLIFF CLIMBING,"EXERCISE, OUTDOORS",4,"(fun)(fun).
(before)(OUTDOORS_card) score +(fun)(fun)(fun).","If you're going to fall, PUSH OFF"
COLOURING,RELAX,4,TOMORROW: The cards you play count as having all tags.,
COUCH TUBE,"EXERCISE, OUTDOORS",4,Score +(fun) for the total written (energy) cost on all (before)(card).,<<NOZ BOOK QUOTE JACKIE I THINK?
DATE'S FIRST NOS,SOCIAL,7,TOMORROW: Each card you play scores +(fun)(fun).,Keep em away from the uncles
DECAF,FOOD,0,"At END OF DAY, each leftover (energy) is worth +(fun).","Well, if it's decaf..."
DISHWASHING,FOOD,1,TOMORROW: (FOOD_card) cost -(energy).,"Turns out, dishwashing soap is different from dishwashing detergent"
DOCK FISHING,"RELAX, OUTDOORS",1,(fun)(fun).,A valuable lesson in disappointment
DORITOS,FOOD,0,"If you have played a (before)(FOOD_card), (energy)(energy).",Sweet Chili Heat? Cool Ranch? Zesty?
DOXOLOGY,SOCIAL,2,(SOCIAL_card)(after) score +(fun)(fun).,Aaaaaaaammmeeeeennnnnnnn
DUMBED DOWN SETTLERS,BOARD GAME,3,(fun)(fun)(fun)(fun).,"While we're at it, lets remove the robber and development cards"
EARLY BEDTIME,"RELAX, INDOORS",1,"Go to BED.
Must be your 3rd or earlier card today.
TOMORROW: (energy)(energy)(energy).","We're on vacation, we should rest"
EPIC DUELS,"BOARD GAME, INDOORS",2,"(fun)(fun).
You may play as many cards as you wish this turn, paying and resolving effects as normal.","Oh no, Darth Maul has 10 cards"
EPIC PLAYLIST,ITEM,1,(SOCIAL_card)(after) score +(fun).,Some Latin beach vibes? Maybe some Elvis? Bob Dylan?
EPIC PRANK,SOCIAL,4,"(fun)(fun).
Optionally discard an (ITEM_card) for +(fun)(fun)(fun)(fun)(fun).
(cubes)",Sponsored by SC Johnson
EUCHRE,"BOARD GAME, INDOORS",2,"(fun)(fun).
(SOCIAL_card)(after) score +(fun).","""Lose the lead as fast as you can"" - Gord "
EUCHRE AWARDS CEREMONY,"SOCIAL, OUTDOORS",3,"When playing each (card_after), pick (suitcase).","""The Mount Everest of competition"" - Scott"
EUCHRE TOURNAMENT,"BOARD GAME, INDOORS",7,"(fun)(fun)(fun)(fun)(fun).
Draw 4 (trunk). Then, discard 4 cards from your hand.",The pinnacle of card playing
EVENING CHAT,"SOCIAL, INDOORS",3,"(fun)(fun)(fun)(fun)(fun).
Go to BED.
TOMORROW: -(energy).",
EVENING ON THE DOCK,"RELAX, SOCIAL, OUTDOORS",4,(before)(card) score +(fun).,Hope the bugs aren't too bad
FAJITAS,FOOD,3,(energy)(energy)(energy)(energy).,"""Fajitas are my favorite Italian dish"" - Vern"
FAMILY BASEBALL GAME,"EXERCISE, SOCIAL, OUTDOORS",3,"(fun)(fun)(fun)(fun)(fun).
(before)(RELAX_card)(BOARDGAME_card)(after) score -1 FUN.",Not quite the Blue Jays
FANCY CRAFT,RELAX,2,Your next (ITEM_card) scores +(fun) double its written (energy) cost.,Takes more prep than rouladen
FANCY FLOATIE,"RELAX, ITEM, OUTDOORS",2,"Pick (RELAX_card) from the (suitcase) until none remain.
TOMORROW: (RELAX_card) score +(fun).",It has a back massager
FISHING BOAT,"RELAX, ITEM, OUTDOORS",2,Reveal (trunk) until an (OUTDOORS_card) is shown. Add it to your hand and place the rest on (trunk) in any order.,"If the motor starts, it'll be lots of fun"
FISHING EVENING,"RELAX, OUTDOORS",3,"(fun)(fun)(fun)(fun)(fun).
Must be your 4th or later card today.",When trolling had a different meaning
FISHING MORNING,"RELAX, OUTDOORS",3,"(fun)(fun)(fun)(fun)(fun).
Must be your 1st card today.",That seaweed really gave a good fight
FIT TO PRINT,"BOARD GAME, INDOORS",2,+(fun)(fun)(fun)(fun) if you have played more cards than all of your opponents at END OF DAY.,Your green articles are touching
FLOATING,"RELAX, OUTDOORS",1,"(energy)(energy)(energy).
TOMORROW: -(energy).",The most stressful way to RELAX in a chair
FORCED FAMILY FUN,"BOARD GAME, INDOORS",2,Your next (BOARDGAME_card) costs half (energy) (rounded down).,"If you play this card during an actual FFF, you get to choose what the fam is playing next"
GROCERY STORE RUN,FOOD,3,Reveal 5 (trunk). Add all (FOOD_card) to your hand. Re-place the rest on the (trunk) in any order.,Do you need me to grab you anything while I'm out?
GROUP DINNER,"FOOD, SOCIAL, OUTDOORS",3,"(fun)(fun)(fun)(fun).
All players (energy).
You may not play this card if any players have gone to BED.",An ancient Nos tradition
HIGH-END RED,FOOD,3,(FOOD_card)(after) score +(fun)(fun)(fun).,"Diesel with notes of dirt, in a good way"
HIGH-END WHITE,FOOD,3,"(fun)(fun).
(FOOD_card)(after) score +(fun)(fun).","Boasts delicate notes of white peach, wet river stone, and the subtle sting of a backhanded compliment"
HOLD THE BABY,SOCIAL,1,(card)(after) cost +(energy) and score +(fun)(fun).,Do you smell something?
ICE CREAM SANDWICH,FOOD,2,"(fun).
If you have played a (before)(FOOD_card), (energy)(energy)(energy).",How did we go through a 20 pack by the second day?
ICE WINE,FOOD,3,(before)(FOOD_card) score +(fun)(fun)(fun).,Basically expensive juice
ISTANBUL,BOARD GAME,3,"(fun).
Discard any number of cards. (energy)(energy) for each card discarded.",Gotta dump this load at the Large Market
JOHNNY APPLESEED,SOCIAL,1,"(fun).
Your next (FOOD_card) scores +(fun)(fun).",Amen Amen Amen
KAYAK,"EXERCISE, OUTDOORS",2,"(fun)(fun).
You may choose to spend any number of additional (energy), score that much +(fun).
(cubes)",
KEEPER,FOOD,2,"(fun).
(energy) for each (before)(OUTDOORS_card).",I caught you a delicious bass
KNEEBOARD,"EXERCISE, OUTDOORS",4,(fun)(fun)(fun)(fun)(fun).,Try not to traumatize the children by putting them in too tight
LAST YEAR'S SHORTS,ITEM,2,Add 1 card from the discard pile to your hand.,"Hmmm, what else is behind some furniture?"
LEFTOVERS,FOOD,2,"Copy the effects (but not tags or cost) of a (before)(FOOD_card).
(cubes)",Never would have guessed that 1.4 lbs of meat per person was too much
LONG DISTANCE VISITORS,SOCIAL,4,"Pick 3 (suitcase).
(SOCIAL_card)(after) score +(fun).",We love an international Nos
M&MS,FOOD,0,(energy).,Take the bowl away from me
MAKE PLANS,SOCIAL,2,Pick 2 (suitcase).,My cottage or yours?
MEDICAL ADVICE,SOCIAL,1,"Pick 3 (suitcase).
(before)(card) score -(fun).
(card)(after) cost +(energy).","So much medical education, so little help"
MORNING BIKE,"EXERCISE, OUTDOORS",3,"TOMORROW: (energy)(energy)(energy)(energy)(energy).
Must be your 1st card today.",Let's see if we can sneak up Sir Sam's
MORNING COFFEE,FOOD,1,"(energy)(energy)(energy).
Must be your 1st card today.",Required before I can be friendly
MORNING RUN,"EXERCISE, OUTDOORS",5,"TOMORROW: (energy)(energy)(energy)(energy)(energy)(energy)(energy).
Must be your 1st card today.","Sorry, I totally would come, but I forgot my Fitbit"
MORNING WALK,"EXERCISE, OUTDOORS",1,"TOMORROW: (energy)(energy).
Must be your 1st card today.","Be bold, start cold"
MOVIE,"RELAX, INDOORS",1,"(fun).
(INDOORS_card)(after) score +(fun)(fun).","Nunchuk skills, bowhunting skills, computer hacking skills"
NAP,RELAX,0,(energy).,How long was I out?
NAVY SEALING,"EXERCISE, OUTDOORS",8,"(fun)(fun)(fun)(fun).
Discard any number of cards. +(fun)(fun) for each discard.
(cubes)",This will test the limits of your drawstring
NEW NOS BOOK ENTRY,SOCIAL,2,"(fun).
If you have played 4 or more (before)(card), +(fun)(fun)(fun)(fun).",
NEWFANGLED TRÈS FUTÉ,BOARD GAME,3,"(fun).
+(fun) for each unique tag you played by END OF DAY.","So, your teal dice can convert to foxes, or you can reroll them for a yellow-white combo"
NOS BOOK,ITEM,2,"After END OF DAY, collect all discarding cards from all players. Add one to your hand. Place any number on (trunk).",
NOS SHIRT,ITEM,1,"Copy the effects (but not tags or cost) of any player's (ITEM_card).
(cubes)","""My nos shirt is losing its lustre"" - Grandpa, 2006"
OUTDOOR MOVIE,"RELAX, OUTDOORS",2,"(fun).
(before)(RELAX_card) score +(fun)(fun).","Tina, you fat lard!"
PADDLEBOARD,"EXERCISE, OUTDOORS",3,"(fun)(fun).
Discard your hand, then pick that many (suitcase).",You're going to fall in at some point
PADDLEBOAT,"EXERCISE, OUTDOORS",3,"+(fun)(fun) for each card aquired (from (trunk), (suitcase), or discard pile) after this.
(cubes)",A lot of work for how slow you go
PAINT,RELAX,3,"(fun)(fun)(fun)(fun).
Your next turn is skipped.",How long does this take to dry?
PAINT ROCKS,RELAX,2,"(fun)(fun).
+(fun)(fun) if you have played at least 2 (before)(OUTDOORS_card).",
PHOTO SHOOT,"SOCIAL, OUTDOORS",3,"-(fun).
TOMORROW: When playing each (card), pick (suitcase).",The closest thing to being taken hostage most men will experience
PLAY WITH THE KIDS,EXERCISE,4,"(fun)(fun)(fun).
+(fun)(fun)(fun) if you have more cards in your hand at END OF DAY than all opponents.",
POKER,BOARD GAME,2,"(fun).
Say a card tag, then reveal and discard 1 (trunk). If that card had the tag, +(fun)(fun)(fun)(fun).","""I fold"" - ""you're allowed to check here"" <<<OR NOS BOOK POKER"
PONYBACK,ITEM,2,"(fun).
TOMORROW: (OUTDOORS_card) cost -(energy).",Still waiting for a Nos Shirt pattern
POTATO PANCAKES,"FOOD, OUTDOORS",2,(energy)(energy) for each (before)(RELAX_card).,
PRIME PICNIC TABLE,"ITEM, OUTDOORS",3,(OUTDOORS_card)(after) cost -(energy) and score +(fun).,"Under a tree, a view of the beach, perfectly level, what more could you ask for"
PUDDING CHÔMEUR,FOOD,1,"(energy)(energy)(energy).
Discard a card from your hand.","Sure uses a lot of maple syrup for ""unemployed pudding"""
PUERTO RICO,BOARD GAME,4,"(fun)(fun)(fun).
Place 1 (cubes) on (suitcase). If the marked card remains by END OF DAY, +(fun)(fun)(fun).
Must be your 1st card today.","Oof, stuck with prospector"
QUACKS,BOARD GAME,1,"Reveal and discard (trunk), stopping any time. +(fun) for each card. If an (OUTDOORS_card) is revealed, this card scores 0.
(cubes)",Surely I won't pull another white one this time
READ THE RADAR,RELAX,1,Privately view the next 3 Daily Condition cards. Arrange them in any order and re-place them.,"Accuweather says we're in trouble, but the weather network says we're good"
RISK,BOARD GAME,7,"(fun)(fun)(fun)(fun)
(fun)(fun)(fun)(fun)",Don't let him get Australia!
ROULADEN,FOOD,4,Cards you play after this cost -(energy)(energy).,Pickles or no pickles?
SAN JUAN,BOARD GAME,3,"(fun)(fun).
Choose a player who has 2 or fewer cards played. If they do not play a BOARD GAME today, +(fun)(fun)(fun).
(cubes)",Hope I can snag a Guild Hall
SCHWANK,FOOD,2,The 2nd (EXERCISE_card) you play after this scores double (fun).,Earlidale? Stemmlers? Noah Martin?
SCOUT OTHER COTTAGES,"SOCIAL, INDOORS",1,"Place (cubes) on all (suitcase). After END OF DAY, add remaining marked cards to your hand.
(before)(card) score -(fun).",They brought up some sweet new games
SCRABBLE,"BOARD GAME, OUTDOORS",3,"(fun)(fun).
Discard as many cards as you wish, then pick that many (suitcase).",Wo or woah? I don't think the horse would care how it's spelled
SCREAMER BATTLE,"EXERCISE, OUTDOORS",7,"(fun)(fun)(fun)(fun)
(fun)(fun)(fun)(fun)",
SHADY SPOT,"RELAX, OUTDOORS",2,Your next (OUTDOORS_card) costs half (energy) (rounded down).,"""Just because you're under a tree, doesn't mean you're out of the woods"" - Gord"
SING SONG,SOCIAL,4,"(fun)(fun)(fun)(fun).
This card costs -(energy) for each opponent who has played a (SOCIAL_card) today.","""Give me a C"" - Uncle Alf"
SKI BOAT,"EXERCISE, ITEM, OUTDOORS",2,Reveal (trunk) until an (EXERCISE_card) is shown. Add it to your hand and place the rest on (trunk) in any order.,Bust Out Another Thousand
SKI ON SHOULDERS,"EXERCISE, OUTDOORS",5,"(fun)(fun)(fun).
If your current (fun) total is lower than at least half of your opponents' scores, +(fun)(fun)(fun)(fun)(fun).
(cubes)",What's next? A kneeboarding human pyramid?
SLALOM START,"EXERCISE, OUTDOORS",4,"(fun)(fun).
+(fun)(fun)(fun)(fun)(fun) if you have exactly 1 card in your hand at END OF DAY.",HIT IT
SLEEP IN,"RELAX, INDOORS",0,"(energy)(energy).
You do not gain additional (energy) from any other source today.
Must be your 1st card today.",Someone else will get the kids
SOLO,BOARD GAME,3,"(fun)(fun)(fun).
+(fun)(fun) if none of your opponents have played a BOARD GAME yet today.
(cubes)",Euchre but I can actually play on the same team as my spouse
SPIKEBALL,"EXERCISE, OUTDOORS",6,"(fun)(fun)(fun)(fun)
(fun)(fun)(fun)",Rim!
SPLENDOR,BOARD GAME,1,(fun)(fun).,Who doesn't love jewels?
STAY UP LATE,"SOCIAL, INDOORS",0,"(energy)(energy).
TOMORROW: -(energy)(energy).","We're on vacation, who needs rest?"
STEAK,FOOD,2,"(fun).
If you have played a (before)(card) with a written cost of 5 or more, (energy)(energy)(energy).",Nothing quite like cooking on a BBQ that costs less than the meat you have on it
STRETCH,EXERCISE,1,(EXERCISE_card)(after) score +(fun)(fun).,This is as far as I can reach
SUNRISE,RELAX,2,"(fun)(fun)(fun)(fun).
Must be your 1st card today.",Just enjoy it with a shirt on
SUNSCREEN,"ITEM, OUTDOORS",1,(OUTDOORS_card)(after) cost -(energy).,Anyone have 100spf? OR <<NOZ BOOK ENTRY ABOUT SUNSCREEN APPLICATION
SWEET LAWN CHAIR,"RELAX, ITEM",2,(RELAX_card)(after) score +(fun)(fun).,It even has an eating tray!
TANNING,"RELAX, OUTDOORS",3,"(fun)(fun)(fun)(fun)(fun).
(OUTDOORS_card)(after) score -(fun).
TOMORROW: (OUTDOORS_card) you play score -(fun).",
TEACH KID TO SKI,"EXERCISE, OUTDOORS",2,TOMORROW: (EXERCISE_card) score +(fun)(fun).,How many Camp Iawah ski instructors does it take to make a 7 year old ski?
TELL A STORY,SOCIAL,2,"(fun)(fun).
Choose a card from the discard pile and put it on (trunk).",
TERRA MYSTICA,BOARD GAME,6,"(fun)(fun)(fun)(fun)
(fun)(fun)(fun)",Remember - this isn't Settlers - buildings are not worth points
THE CREW,BOARD GAME,1,"(fun).
+(fun)(fun) if at least half of your opponents have played a BOARD GAME already today.
(cubes)","I don't want to tabletalk, but..."
THRILLER BOOK,RELAX,2,(fun)(fun)(fun).,
THROW A BASEBALL,"EXERCISE, OUTDOORS",2,"(fun).
Pick (suitcase).",Get it before it gets into the water!
TREAT CEREAL,FOOD,2,Your next (EXERCISE_card) costs -(energy)(energy)(energy)(energy).,No way am I eating Raisin Bran at the Nos
TREAT STORE RUN,FOOD,1,Pick (FOOD_card) from the (suitcase) until none remain.,Because we're notoriously short on junk FOOD
TREKKING THROUGH HISTORY,BOARD GAME,2,(before)(BOARDGAME_card)(after) score +(fun)(fun).,I'm not even going to look - all the good cards are going to be gone before I can go again
TRÈS FUTÉ,BOARD GAME,0,(fun).,You left us all junk!
WAKEBOARD,"EXERCISE, OUTDOORS",8,"(fun)(fun)(fun)(fun)(fun)
(fun)(fun)(fun)(fun)(fun)",Do a backflip!
WAKESURF,"EXERCISE, OUTDOORS",3,"(fun)(fun).
+(fun)(fun)(fun)(fun)(fun) if you have no cards in your hand at END OF DAY.",Blame your falls on the driver
WATER TRAMPOLINE,"EXERCISE, OUTDOORS",3,"(fun).
Your next (RELAX_card) scores double (fun).",Actually more difficult to jump on than hard ground
WATER VOLLEYBALL,"EXERCISE, OUTDOORS",4,"(fun)(fun).
Your next (EXERCISE_card) scores +(fun)(fun)(fun)(fun).",You gotta spike the serve!
WATERSKI,"EXERCISE, OUTDOORS",5,"(fun)(fun)(fun)
(fun)(fun)(fun)",Vintage Nos
WEDDING ANNIVERSARY,SOCIAL,0,"Copy the effect (but not tags) of an opponent's card. Pay that card's written (energy) cost.
(cubes)",But not the wooden legged man
WEIRD CHIP FLAVOUR,FOOD,0,"-(fun)(fun).
(energy)(energy).",Did anyone really think this was going to be better than salt and vinegar?
WILDLIFE SPOTTING,RELAX,1,"(fun).
TOMORROW: If your 1st card played is an (OUTDOORS_card), it scores +(fun)(fun).","Foxes, deer, groundhogs - a North Bay feast!"
WINGSPAN,BOARD GAME,2,"(fun).
Score (fun) for this card immediately, and score again as normal at END OF DAY.","Common Raven + Killdeer in my first hand, do we even need to play this out?"
WORK CALL,"RELAX, INDOORS",1,"-(fun)(fun)(fun)(fun).
Your next card scores double (fun).",Hopefully reception is ok
WRESTLE THE KIDS,EXERCISE,5,"(fun).
+(fun) for each card in your hand at END OF DAY.","Probably ending in tears, but fun while it lasted"
WÜRSTCHEN,FOOD,4,(energy) for each card in your hand.,Tastes a lot better than it looks
ZERO GRAVITY CHAIR,"RELAX, ITEM",1,(RELAX_card)(after) cost -(energy).,The La-Z-Boy of the beach
ZUMBA,EXERCISE,4,"(fun).
TOMORROW: (energy)(energy)(energy)(energy).",If only we had 15 Dance Dance Revolution mats