Title,Tags,Cost,Effect,Flavor text,Image
5 10 15,BOARD GAME,3,"(fun)(fun)
Pick a SUITCASE card.",Playing via E-Transfer has made this game a lot more cumbersome,photos/5_10_15.jpg
7 WONDERS,BOARD GAME,2,(fun)(fun)(fun),I hope nobody notices I'm the only one going for science...,photos/7_WONDERS.jpg
ADDRESS THE FOOD,"FOOD, SOCIAL",2,"Pick a (FOODcard) in the SUITCASE, then immediately play it for free.","If you use the word ""gourmet"", it means it's better",photos/ADDRESS_THE_FOOD.jpg
ADVENTURE RACE,"EXERCISE, OUTDOORS",12,"(fun)(fun)(fun)(fun)(fun)
(fun)(fun)(fun)(fun)(fun)
(fun)(fun)(fun)(fun)(fun)
(fun)(fun)(fun)(fun)(fun)",Should we sign up for the 24-hour one next year?,photos/ADVENTURE_RACE.jpg
AFTER DINNER ENTERTAINMENT,SOCIAL,2,The next (SOCIALcard) you play today costs -2 ENERGY and scores +(fun)(fun).,<<<REFER TO NOS BOOK,photos/AFTER_DINNER_ENTERTAINMENT.jpg
AFTERNOON COFFEE,FOOD,1,"Gain 3 ENERGY.
Must be your 3rd or later card today.",Gotta make bringing that coffee machine worth it!,photos/AFTERNOON_COFFEE.jpg
AGRICOLA,BOARD GAME,5,"(fun)(fun)(fun)
(fun)(fun)(fun)",The closest we get to farming,photos/AGRICOLA.jpg
ASSORTED CUTLERY,ITEM,3,"Play the top card of (trunk) for free, ignoring any restrictions.",Does anyone have any extra spoons? Our cottage has 4,photos/ASSORTED_CUTLERY.jpg
AUNTERVIEW,SOCIAL,2,"(fun).
TOMORROW: All (SOCIALcards) +(fun)(fun).",So... Any girls you're interested in?,photos/AUNTERVIEW.jpg
AZUL,BOARD GAME,3,(fun)(fun)(fun)(fun).,Arts and crafts meets cutthroat strategy,photos/AZUL.jpg
BEACH CONVERSATION,"SOCIAL, OUTDOORS",2,"(fun)(fun).
If your previous (card) is (OUTDOORScard), gain 2 ENERGY.",,photos/BEACH_CONVERSATION.jpg
BEACH VOLLEYBALL,"EXERCISE, OUTDOORS",4,"(fun)(fun)(fun)(fun).
If your next (card) is (INDOORScard), gain 2 ENERGY.",Nos rules!,photos/BEACH_VOLLEYBALL.jpg
BEAVER BURGERS,FOOD,3,"(fun)(fun)(fun)(fun)(fun).
(card)(after) cost +1 ENERGY.",Friendship is: calling your buddy when taking your pregnant wife to the hospital to let claim your roadkill,photos/BEAVER_BURGERS.jpg
BEND THE RULES,"BOARD GAME, SOCIAL",2,(BOARDGAMEcar)(after) cost -2 ENERGY.,"Oh, we've always played this way at my house",photos/BEND_THE_RULES.jpg
BIOGRAPHY,RELAX,1,(fun)(fun).,,photos/BIOGRAPHY.jpg
BOAT RIDE,"RELAX, OUTDOORS",2,"(fun).
The next ITEM card you play today is free.",Hold on to your hat!,photos/BOAT_RIDE.jpg
BOHNANZA,BOARD GAME,2,"(fun).
You may trash cards played previously today for +(fun)(fun). These cards no longer have effects or score (fun).
(cubes)",I'm drowning in future considerations,photos/BOHNANZA.jpg
BOOBY PRIZE,ITEM,0,Draw 1 (trunk).,"It was your partner's fault, really",photos/BOOBY_PRIZE.jpg
BOUGIE COFFEE MACHINE,"FOOD, ITEM, INDOORS",4,"Draw 3 (trunk), playing any drawn FOOD cards for free, ignoring any restrictions.","I'll take a venti nonfat, sugar free vanilla, caramel macchiato quad shot, with whipped cream and 3 Splenda",photos/BOUGIE_COFFEE_MACHINE.jpg
BRACELET MAKING,"RELAX, SOCIAL",3,"(fun).
The next SOCIAL card you play today scores +(fun)(fun)(fun)(fun).",It is mandatory to drop the bucket of beads at least once,photos/BRACELET_MAKING.jpg
BRING A FRIEND,SOCIAL,1,"For cards you play after this today, ENERGY costs are doubled, and (fun) scored on those cards is doubled.","""This has got to be the most competitive family ever seen!"" Marc-André",photos/BRING_A_FRIEND.jpg
BUBLY,FOOD,0,+(fun)(fun) if any card you played previously today has given you ENERGY.,"Really, you bought lime?",photos/BUBLY.jpg
BUG SPRAY,"ITEM, OUTDOORS",1,OUTDOORS cards you play after this today score +(fun).,<<DEET QUOTE NOS>>,photos/BUG_SPRAY.jpg
BUTTER TARTS,FOOD,3,Double your current ENERGY.,Never disappoints,photos/BUTTER_TARTS.jpg
CALZONES,FOOD,3,"(fun)(fun).
Gain 3 ENERGY.
TOMORROW: EXERCISE cards cost +1 ENERGY.",I never would have guessed that deep-fried pizza would taste good,photos/CALZONES.jpg
CAMP CROSSROADS DESSERT,FOOD,1,Gain 1 ENERGY for each EXERCISE card you played previously today.,An all-time classic,photos/CAMP_CROSSROADS_DESSERT.jpg
CAMPFIRE,"SOCIAL, OUTDOORS",2,"+(fun)(fun) for each ""TOMORROW"" card you have today (played yesterday).",Has anyone tried doing spider würstchen?,photos/CAMPFIRE.jpg
CANOE,"EXERCISE, OUTDOORS",3,"(fun)(fun).
The next ITEM card you play today scores +(fun) equal to its written ENERGY cost.",Do you even know how to J-stroke?,photos/CANOE.jpg
CARCASSONNE,BOARD GAME,2,"(fun).
+(fun)(fun)(fun)(fun) if the card before and after are both BOARD GAME cards.",No points for longest road?,photos/CARCASSONNE.jpg
CHALK ART,"RELAX, OUTDOORS",0,(fun).,,photos/CHALK_ART.jpg
CHARCUTERIE,FOOD,2,"(fun)(fun).
Gain 1 ENERGY.",This cheese smells like Chris' socks after a triathlon,photos/CHARCUTERIE.jpg
CHEAP RED,FOOD,2,"(fun)(fun).
The next FOOD card you play today scores +(fun)(fun).","Diesel with notes of dirt, in a bad way",photos/CHEAP_RED.jpg
CHEAP WHITE,FOOD,2,(fun)(fun)(fun).,"Was this bottle corked? No, that's just how it tastes",photos/CHEAP_WHITE.jpg
CHEESY PHONE GAME,RELAX,1,"(fun).
+(fun)(fun)(fun) if at least half of your opponents have played a RELAX card by END OF DAY.",Let me just watch this 4 minute ad for 3 free gems,photos/CHEESY_PHONE_GAME.jpg
CHRISTMAS NAME DRAW,SOCIAL,2,"Choose an opponent's card.
+(fun) for each card you played today that shares at least 1 tag with the marked card.
(cubes)",CLOTHES,photos/CHRISTMAS_NAME_DRAW.jpg
CHUCK A FRISBEE,"EXERCISE, OUTDOORS",3,"(fun)(fun)(fun).
After END OF DAY scoring is completed, return to your hand.",Hammer toss - go long,photos/CHUCK_A_FRISBEE.jpg
CITIES AND KNIGHTS,BOARD GAME,5,"(fun)(fun)(fun)(fun).
You may discard one card for +(fun)(fun)(fun).
(cubes)","Don't trade with him, he's winning!",photos/CITIES_AND_KNIGHTS.jpg
CIVILIZATION THE BOARD GAME,"BOARD GAME, INDOORS",10,1(fun)(fun)(fun)(fun).,It's no Campaign for North Africa,photos/CIVILIZATION_THE_BOARD_GAME.jpg
CLASSIC BOOK,RELAX,2,"(fun)(fun).
Costs 1 ENERGY less per RELAX card you played previously today.",,photos/CLASSIC_BOOK.jpg
CLIFF CLIMBING,"EXERCISE, OUTDOORS",4,"(fun)(fun).
OUTDOORS cards you played previously today score +(fun)(fun)(fun).","If you're going to fall, PUSH OFF",photos/CLIFF_CLIMBING.jpg
COLOURING,RELAX,4,TOMORROW: The cards you play count as having all tags.,,photos/COLOURING.jpg
COUCH TUBE,"EXERCISE, OUTDOORS",4,Score +(fun) for the total written ENERGY cost on other cards you played today.,<<NOZ BOOK QUOTE JACKIE I THINK?,photos/COUCH_TUBE.jpg
DATE'S FIRST NOS,SOCIAL,7,TOMORROW: Each card you play scores +(fun)(fun).,Keep em away from the uncles,photos/DATE'S_FIRST_NOS.jpg
DECAF,FOOD,0,"At END OF DAY, each leftover ENERGY is worth +(fun).","Well, if it's decaf...",photos/DECAF.jpg
DISHWASHING,FOOD,1,TOMORROW: FOOD cards cost -1 ENERGY.,"Turns out, dishwashing soap is different from dishwashing detergent",photos/DISHWASHING.jpg
DOCK FISHING,"RELAX, OUTDOORS",1,(fun)(fun).,A valuable lesson in disappointment,photos/DOCK_FISHING.jpg
DORITOS,FOOD,0,"If you have played a FOOD card previously today, gain 2 ENERGY.",Sweet Chili Heat? Cool Ranch? Zesty?,photos/DORITOS.jpg
DOXOLOGY,SOCIAL,2,SOCIAL cards you play after this today score +(fun)(fun).,Aaaaaaaammmeeeeennnnnnnn,photos/DOXOLOGY.jpg
DUMBED DOWN SETTLERS,BOARD GAME,3,(fun)(fun)(fun)(fun).,"While we're at it, lets remove the robber and development cards",photos/DUMBED_DOWN_SETTLERS.jpg
EARLY BEDTIME,"RELAX, INDOORS",1,"Go to BED.
Must be your 3rd or earlier card today.
TOMORROW: Start the day with +3 ENERGY.","We're on vacation, we should rest",photos/EARLY_BEDTIME.jpg
EPIC DUELS,"BOARD GAME, INDOORS",2,"(fun)(fun).
You may play as many cards as you wish this turn, paying and resolving effects as normal.","Oh no, Darth Maul has 10 cards",photos/EPIC_DUELS.jpg
EPIC PLAYLIST,ITEM,1,SOCIAL cards you play after this today score +(fun).,Some Latin beach vibes? Maybe some Elvis? Bob Dylan?,photos/EPIC_PLAYLIST.jpg
EPIC PRANK,SOCIAL,4,"(fun)(fun).
Optionally discard an ITEM card for +(fun)(fun)(fun)(fun)(fun).
(cubes)",Sponsored by SC Johnson,photos/EPIC_PRANK.jpg
EUCHRE,"BOARD GAME, INDOORS",2,"(fun)(fun).
SOCIAL cards you play after this today score +(fun).","""Lose the lead as fast as you can"" - Gord ",photos/EUCHRE.jpg
EUCHRE AWARDS CEREMONY,"SOCIAL, OUTDOORS",3,"Each card you play after this today, pick a SUITCASE card.","""The Mount Everest of competition"" - Scott",photos/EUCHRE_AWARDS_CEREMONY.jpg
EUCHRE TOURNAMENT,"BOARD GAME, INDOORS",7,"(fun)(fun)(fun)(fun)(fun).
Draw 4 (trunk). Then, discard 4 cards from your hand.",The pinnacle of card playing,photos/EUCHRE_TOURNAMENT.jpg
EVENING CHAT,"SOCIAL, INDOORS",3,"(fun)(fun)(fun)(fun)(fun).
Go to BED.
TOMORROW: Start the day with -1 ENERGY.",,photos/EVENING_CHAT.jpg
EVENING ON THE DOCK,"RELAX, SOCIAL, OUTDOORS",4,Cards you played previously today score +(fun).,Hope the bugs aren't too bad,photos/EVENING_ON_THE_DOCK.jpg
FAJITAS,FOOD,3,Gain 4 ENERGY.,"""Fajitas are my favorite Italian dish"" - Vern",photos/FAJITAS.jpg
FAMILY BASEBALL GAME,"EXERCISE, SOCIAL, OUTDOORS",3,"(fun)(fun)(fun)(fun)(fun).
You score -(fun) for all RELAX and BOARD GAME cards played today.",Not quite the Blue Jays,photos/FAMILY_BASEBALL_GAME.jpg
FANCY CRAFT,RELAX,2,The next ITEM card you play today scores +(fun) double its written ENERGY cost.,Takes more prep than rouladen,photos/FANCY_CRAFT.jpg
FANCY FLOATIE,"RELAX, ITEM, OUTDOORS",2,"Pick RELAX cards from the SUITCASE until none remain.
TOMORROW: RELAX cards score +(fun).",It has a back massager,photos/FANCY_FLOATIE.jpg
FISHING BOAT,"RELAX, ITEM, OUTDOORS",2,Reveal (trunk) until an OUTDOORS card is shown. Add it to your hand and place the rest on (trunk) in any order.,"If the motor starts, it'll be lots of fun",photos/FISHING_BOAT.jpg
FISHING EVENING,"RELAX, OUTDOORS",3,"(fun)(fun)(fun)(fun)(fun).
Must be your 4th or later card today.",When trolling had a different meaning,photos/FISHING_EVENING.jpg
FISHING MORNING,"RELAX, OUTDOORS",3,"(fun)(fun)(fun)(fun)(fun).
Must be your 1st card today.",That seaweed really gave a good fight,photos/FISHING_MORNING.jpg
FIT TO PRINT,"BOARD GAME, INDOORS",2,+(fun)(fun)(fun)(fun) if you have played more cards than all of your opponents at END OF DAY.,Your green articles are touching,photos/FIT_TO_PRINT.jpg
FLOATING,"RELAX, OUTDOORS",1,"Gain 3 ENERGY.
TOMORROW: Start the day with -1 ENERGY.",The most stressful way to RELAX in a chair,photos/FLOATING.jpg
FORCED FAMILY FUN,"BOARD GAME, INDOORS",2,The next BOARD GAME card you play today costs half ENERGY (rounded down).,"If you play this card during an actual FFF, you get to choose what the fam is playing next",photos/FORCED_FAMILY_FUN.jpg
GROCERY STORE RUN,FOOD,3,Reveal 5 (trunk). Add all FOOD cards to your hand. Re-place the rest on the TRUNK in any order.,Do you need me to grab you anything while I'm out?,photos/GROCERY_STORE_RUN.jpg
GROUP DINNER,"FOOD, SOCIAL, OUTDOORS",3,"(fun)(fun)(fun)(fun).
All players gain 1 ENERGY.
You may not play this card if any players have gone to BED.",An ancient Nos tradition,photos/GROUP_DINNER.jpg
HIGH-END RED,FOOD,3,FOOD cards you play after this today score +(fun)(fun)(fun).,"Diesel with notes of dirt, in a good way",photos/HIGH-END_RED.jpg
HIGH-END WHITE,FOOD,3,"(fun)(fun).
FOOD cards you play after this today score +(fun)(fun).","Boasts delicate notes of white peach, wet river stone, and the subtle sting of a backhanded compliment",photos/HIGH-END_WHITE.jpg
HOLD THE BABY,SOCIAL,1,Cards you play after this today cost +1 ENERGY and score +(fun)(fun).,Do you smell something?,photos/HOLD_THE_BABY.jpg
ICE CREAM SANDWICH,FOOD,2,"(fun).
If you have played a FOOD card previously today, gain 3 ENERGY.",How did we go through a 20 pack by the second day?,photos/ICE_CREAM_SANDWICH.jpg
ICE WINE,FOOD,3,FOOD cards you played previously today score +(fun)(fun)(fun).,Basically expensive juice,photos/ICE_WINE.jpg
ISTANBUL,BOARD GAME,3,"(fun).
Discard any number of cards. Gain 2 ENERGY for each card discarded.",Gotta dump this load at the Large Market,photos/ISTANBUL.jpg
JOHNNY APPLESEED,SOCIAL,1,"(fun).
The next FOOD card you play today scores +(fun)(fun).",Amen Amen Amen,photos/JOHNNY_APPLESEED.jpg
KAYAK,"EXERCISE, OUTDOORS",2,"(fun)(fun).
You may choose to spend any number of additional ENERGY, score that much +(fun).
(cubes)",,photos/KAYAK.jpg
KEEPER,FOOD,2,"(fun).
Gain 1 ENERGY for each OUTDOORS card played previously today.",I caught you a delicious bass,photos/KEEPER.jpg
KNEEBOARD,"EXERCISE, OUTDOORS",4,(fun)(fun)(fun)(fun)(fun).,Try not to traumatize the children by putting them in too tight,photos/KNEEBOARD.jpg
LAST YEAR'S SHORTS,ITEM,2,Add 1 card from the discard pile to your hand.,"Hmmm, what else is behind some furniture?",photos/LAST_YEAR'S_SHORTS.jpg
LEFTOVERS,FOOD,2,"Copy the effects (but not tags or cost) of a FOOD card you played previously today.
(cubes)",Never would have guessed that 1.4 lbs of meat per person was too much,photos/LEFTOVERS.jpg
LONG DISTANCE VISITORS,SOCIAL,4,"Pick 3 SUITCASE cards.
SOCIAL cards you play after this today score +(fun).",We love an international Nos,photos/LONG_DISTANCE_VISITORS.jpg
M&MS,FOOD,0,Gain 1 ENERGY.,Take the bowl away from me,photos/M&MS.jpg
MAKE PLANS,SOCIAL,2,Pick 2 SUITCASE cards.,My cottage or yours?,photos/MAKE_PLANS.jpg
MEDICAL ADVICE,SOCIAL,1,"Pick 3 SUITCASE cards.
Cards played previously today score -(fun).
Cards you play after this today cost +1 ENERGY.","So much medical education, so little help",photos/MEDICAL_ADVICE.jpg
MORNING BIKE,"EXERCISE, OUTDOORS",3,"TOMORROW: Start the day with +5 ENERGY.
Must be your 1st card today.",Let's see if we can sneak up Sir Sam's,photos/MORNING_BIKE.jpg
MORNING COFFEE,FOOD,1,"Gain 3 ENERGY.
Must be your 1st card today.",Required before I can be friendly,photos/MORNING_COFFEE.jpg
MORNING RUN,"EXERCISE, OUTDOORS",5,"TOMORROW: Start the day with +7 ENERGY.
Must be your 1st card today.","Sorry, I totally would come, but I forgot my Fitbit",photos/MORNING_RUN.jpg
MORNING WALK,"EXERCISE, OUTDOORS",1,"TOMORROW: Start the day with +2 ENERGY.
Must be your 1st card today.","Be bold, start cold",photos/MORNING_WALK.jpg
MOVIE,"RELAX, INDOORS",1,"(fun).
INDOORS cards you play after this today score +(fun)(fun).","Nunchuk skills, bowhunting skills, computer hacking skills",photos/MOVIE.jpg
NAP,RELAX,0,Gain 1 ENERGY.,How long was I out?,photos/NAP.jpg
NAVY SEALING,"EXERCISE, OUTDOORS",8,"(fun)(fun)(fun)(fun).
Discard any number of cards. +(fun)(fun) for each discard.
(cubes)",This will test the limits of your drawstring,photos/NAVY_SEALING.jpg
NEW NOS BOOK ENTRY,SOCIAL,2,"(fun).
If you have played 4 or more cards previously today, +(fun)(fun)(fun)(fun).",,photos/NEW_NOS_BOOK_ENTRY.jpg
NEWFANGLED TRÈS FUTÉ,BOARD GAME,3,"(fun).
+(fun) for each unique tag you played by END OF DAY.","So, your teal dice can convert to foxes, or you can reroll them for a yellow-white combo",photos/NEWFANGLED_TRÈS_FUTÉ.jpg
NOS BOOK,ITEM,2,"After END OF DAY, collect all discarding cards from all players. Add one to your hand. Place any number on (trunk).",,photos/NOS_BOOK.jpg
NOS SHIRT,ITEM,1,"Copy the effects (but not tags or cost) of any player's ITEM card.
(cubes)","""My nos shirt is losing its lustre"" - Grandpa, 2006",photos/NOS_SHIRT.jpg
OUTDOOR MOVIE,"RELAX, OUTDOORS",2,"(fun).
RELAX cards you played previously today score +(fun)(fun).","Tina, you fat lard!",photos/OUTDOOR_MOVIE.jpg
PADDLEBOARD,"EXERCISE, OUTDOORS",3,"(fun)(fun).
Discard your hand, then pick that many SUITCASE cards.",You're going to fall in at some point,photos/PADDLEBOARD.jpg
PADDLEBOAT,"EXERCISE, OUTDOORS",3,"+(fun)(fun) for each card aquired (from (trunk), SUITCASE, or discard pile) after this today.
(cubes)",A lot of work for how slow you go,photos/PADDLEBOAT.jpg
PAINT,RELAX,3,"(fun)(fun)(fun)(fun).
Your next turn is skipped.",How long does this take to dry?,photos/PAINT.jpg
PAINT ROCKS,RELAX,2,"(fun)(fun).
+(fun)(fun) if you have played at least 2 (before)(OUTDOORScard).",,photos/PAINT_ROCKS.jpg
PHOTO SHOOT,"SOCIAL, OUTDOORS",3,"-(fun).
TOMORROW: Whenever you play a card, pick a SUITCASE card.",The closest thing to being taken hostage most men will experience,photos/PHOTO_SHOOT.jpg
PLAY WITH THE KIDS,EXERCISE,4,"(fun)(fun)(fun).
+(fun)(fun)(fun) if you have more cards in your hand at END OF DAY than all opponents.",,photos/PLAY_WITH_THE_KIDS.jpg
POKER,BOARD GAME,2,"(fun).
Say a card tag, then reveal and discard 1 (trunk). If that card had the tag, +(fun)(fun)(fun)(fun).","""I fold"" - ""you're allowed to check here"" <<<OR NOS BOOK POKER",photos/POKER.jpg
PONYBACK,ITEM,2,"(fun).
TOMORROW: OUTDOORS cards cost -1 ENERGY.",Still waiting for a Nos Shirt pattern,photos/PONYBACK.jpg
POTATO PANCAKES,"FOOD, OUTDOORS",2,Gain 2 ENERGY for each RELAX card you played previously today.,,photos/POTATO_PANCAKES.jpg
PRIME PICNIC TABLE,"ITEM, OUTDOORS",3,OUTDOORS cards you play after this today cost -1 ENERGY and score +(fun).,"Under a tree, a view of the beach, perfectly level, what more could you ask for",photos/PRIME_PICNIC_TABLE.jpg
PUDDING CHÔMEUR,FOOD,1,"Gain 3 ENERGY.
Discard a card from your hand.","Sure uses a lot of maple syrup for ""unemployed pudding""",photos/PUDDING_CHÔMEUR.jpg
PUERTO RICO,BOARD GAME,4,"(fun)(fun)(fun).
Place 1 (cubes) on a SUITCASE card. If the marked card remains by END OF DAY, +(fun)(fun)(fun).
Must be your 1st card today.","Oof, stuck with prospector",photos/PUERTO_RICO.jpg
QUACKS,BOARD GAME,1,"Reveal and discard (trunk), stopping any time. +(fun) for each card. If an OUTDOORS card is revealed, this card scores 0 (fun).
(cubes)",Surely I won't pull another white one this time,photos/QUACKS.jpg
READ THE RADAR,RELAX,1,Privately view the next 3 Daily Condition cards. Arrange them in any order and re-place them.,"Accuweather says we're in trouble, but the weather network says we're good",photos/READ_THE_RADAR.jpg
RISK,BOARD GAME,7,"(fun)(fun)(fun)(fun)
(fun)(fun)(fun)(fun)",Don't let him get Australia!,photos/RISK.jpg
ROULADEN,FOOD,4,Cards you play after this today cost -2 ENERGY.,Pickles or no pickles?,photos/ROULADEN.jpg
SAN JUAN,BOARD GAME,3,"(fun)(fun).
Choose a player who has 2 or fewer cards played. If they do not play a BOARD GAME today, +(fun)(fun)(fun).
(cubes)",Hope I can snag a Guild Hall,photos/SAN_JUAN.jpg
SCHWANK,FOOD,2,The 2nd EXERCISE card you play after this today scores double (fun).,Earlidale? Stemmlers? Noah Martin?,photos/SCHWANK.jpg
SCOUT OTHER COTTAGES,"SOCIAL, INDOORS",1,"Place (cubes) on all SUITCASE cards. After END OF DAY, add remaining marked cards to your hand.
Cards played previously today score -(fun).",They brought up some sweet new games,photos/SCOUT_OTHER_COTTAGES.jpg
SCRABBLE,"BOARD GAME, OUTDOORS",3,"(fun)(fun).
Discard as many cards as you wish, then pick that many SUITCASE cards.",Wo or woah? I don't think the horse would care how it's spelled,photos/SCRABBLE.jpg
SCREAMER BATTLE,"EXERCISE, OUTDOORS",7,"(fun)(fun)(fun)(fun)
(fun)(fun)(fun)(fun)",,photos/SCREAMER_BATTLE.jpg
SHADY SPOT,"RELAX, OUTDOORS",2,The next OUTDOORS card you play today costs half ENERGY (rounded down).,"""Just because you're under a tree, doesn't mean you're out of the woods"" - Gord",photos/SHADY_SPOT.jpg
SING SONG,SOCIAL,4,"(fun)(fun)(fun)(fun).
This card costs -1 ENERGY for each opponent who has played a SOCIAL card today.","""Give me a C"" - Uncle Alf",photos/SING_SONG.jpg
SKI BOAT,"EXERCISE, ITEM, OUTDOORS",2,Reveal (trunk) until an EXERCISE card is shown. Add it to your hand and place the rest on (trunk) in any order.,Bust Out Another Thousand,photos/SKI_BOAT.jpg
SKI ON SHOULDERS,"EXERCISE, OUTDOORS",5,"(fun)(fun)(fun).
If your current (fun) total is lower than at least half of your opponents' scores, +(fun)(fun)(fun)(fun)(fun).
(cubes)",What's next? A kneeboarding human pyramid?,photos/SKI_ON_SHOULDERS.jpg
SLALOM START,"EXERCISE, OUTDOORS",4,"(fun)(fun).
+(fun)(fun)(fun)(fun)(fun) if you have exactly 1 card in your hand at END OF DAY.",HIT IT,photos/SLALOM_START.jpg
SLEEP IN,"RELAX, INDOORS",0,"Gain 2 ENERGY.
You do not gain additional ENERGY from any other source today.
Must be your 1st card today.",Someone else will get the kids,photos/SLEEP_IN.jpg
SOLO,BOARD GAME,3,"(fun)(fun)(fun).
+(fun)(fun) if none of your opponents have played a BOARD GAME yet today.
(cubes)",Euchre but I can actually play on the same team as my spouse,photos/SOLO.jpg
SPIKEBALL,"EXERCISE, OUTDOORS",6,"(fun)(fun)(fun)(fun)
(fun)(fun)(fun)",Rim!,photos/SPIKEBALL.jpg
SPLENDOR,BOARD GAME,1,(fun)(fun).,Who doesn't love jewels?,photos/SPLENDOR.jpg
STAY UP LATE,"SOCIAL, INDOORS",0,"Gain 2 ENERGY.
TOMORROW: Start the day with -2 ENERGY.","We're on vacation, who needs rest?",photos/STAY_UP_LATE.jpg
STEAK,FOOD,2,"(fun).
If you have played a card with a written cost of 5 or more previously today, gain 3 ENERGY.",Nothing quite like cooking on a BBQ that costs less than the meat you have on it,photos/STEAK.jpg
STRETCH,EXERCISE,1,EXERCISE cards you play after this today score +(fun)(fun).,This is as far as I can reach,photos/STRETCH.jpg
SUNRISE,RELAX,2,"(fun)(fun)(fun)(fun).
Must be your 1st card today.",Just enjoy it with a shirt on,photos/SUNRISE.jpg
SUNSCREEN,"ITEM, OUTDOORS",1,OUTDOORS cards you play after this today cost -1 ENERGY.,Anyone have 100spf? OR <<NOZ BOOK ENTRY ABOUT SUNSCREEN APPLICATION,photos/SUNSCREEN.jpg
SWEET LAWN CHAIR,"RELAX, ITEM",2,RELAX cards you play after this today score +(fun)(fun).,It even has an eating tray!,photos/SWEET_LAWN_CHAIR.jpg
TANNING,"RELAX, OUTDOORS",3,"(fun)(fun)(fun)(fun)(fun).
OUTDOORS cards you play after this today score -(fun).
TOMORROW: OUTDOORS cards you play score -(fun).",,photos/TANNING.jpg
TEACH KID TO SKI,"EXERCISE, OUTDOORS",2,TOMORROW: EXERCISE cards score +(fun)(fun).,How many Camp Iawah ski instructors does it take to make a 7 year old ski?,photos/TEACH_KID_TO_SKI.jpg
TELL A STORY,SOCIAL,2,"(fun)(fun).
Choose a card from the discard pile and put it on (trunk).",,photos/TELL_A_STORY.jpg
TERRA MYSTICA,BOARD GAME,6,"(fun)(fun)(fun)(fun)
(fun)(fun)(fun)",Remember - this isn't Settlers - buildings are not worth points,photos/TERRA_MYSTICA.jpg
THE CREW,BOARD GAME,1,"(fun).
+(fun)(fun) if at least half of your opponents have played a BOARD GAME already today.
(cubes)","I don't want to tabletalk, but...",photos/THE_CREW.jpg
THRILLER BOOK,RELAX,2,(fun)(fun)(fun).,,photos/THRILLER_BOOK.jpg
THROW A BASEBALL,"EXERCISE, OUTDOORS",2,"(fun).
Pick a SUITCASE card.",Get it before it gets into the water!,photos/THROW_A_BASEBALL.jpg
TREAT CEREAL,FOOD,2,The next EXERCISE card you play today costs -4 ENERGY.,No way am I eating Raisin Bran at the Nos,photos/TREAT_CEREAL.jpg
TREAT STORE RUN,FOOD,1,Pick FOOD cards from the SUITCASE until none remain.,Because we're notoriously short on junk FOOD,photos/TREAT_STORE_RUN.jpg
TREKKING THROUGH HISTORY,BOARD GAME,2,BOARD GAME cards you played previously and after this today score +(fun)(fun).,I'm not even going to look - all the good cards are going to be gone before I can go again,photos/TREKKING_THROUGH_HISTORY.jpg
TRÈS FUTÉ,BOARD GAME,0,(fun).,You left us all junk!,photos/TRÈS_FUTÉ.jpg
WAKEBOARD,"EXERCISE, OUTDOORS",8,"(fun)(fun)(fun)(fun)(fun)
(fun)(fun)(fun)(fun)(fun)",Do a backflip!,photos/WAKEBOARD.jpg
WAKESURF,"EXERCISE, OUTDOORS",3,"(fun)(fun).
+(fun)(fun)(fun)(fun)(fun) if you have no cards in your hand at END OF DAY.",Blame your falls on the driver,photos/WAKESURF.jpg
WATER TRAMPOLINE,"EXERCISE, OUTDOORS",3,"(fun).
Your next RELAX card scores double (fun).",Actually more difficult to jump on than hard ground,photos/WATER_TRAMPOLINE.jpg
WATER VOLLEYBALL,"EXERCISE, OUTDOORS",4,"(fun)(fun).
The next EXERCISE card you play today scores +(fun)(fun)(fun)(fun).",You gotta spike the serve!,photos/WATER_VOLLEYBALL.jpg
WATERSKI,"EXERCISE, OUTDOORS",5,"(fun)(fun)(fun)
(fun)(fun)(fun)",Vintage Nos,photos/WATERSKI.jpg
WEDDING ANNIVERSARY,SOCIAL,0,"Copy the effect (but not tags) of an opponent's card. Pay that card's written ENERGY cost.
(cubes)",But not the wooden legged man,photos/WEDDING_ANNIVERSARY.jpg
WEIRD CHIP FLAVOUR,FOOD,0,"-(fun)(fun).
Gain 2 ENERGY.",Did anyone really think this was going to be better than salt and vinegar?,photos/WEIRD_CHIP_FLAVOUR.jpg
WILDLIFE SPOTTING,RELAX,1,"(fun).
TOMORROW: If your 1st card played is an OUTDOORS card, it scores +(fun)(fun).","Foxes, deer, groundhogs - a North Bay feast!",photos/WILDLIFE_SPOTTING.jpg
WINGSPAN,BOARD GAME,2,"(fun).
Score (fun) for this card immediately, and score again as normal at END OF DAY.","Common Raven + Killdeer in my first hand, do we even need to play this out?",photos/WINGSPAN.jpg
WORK CALL,"RELAX, INDOORS",1,"-(fun)(fun)(fun)(fun).
The next card you play today scores double (fun).",Hopefully reception is ok,photos/WORK_CALL.jpg
WRESTLE THE KIDS,EXERCISE,5,"(fun).
+(fun) for each card in your hand at END OF DAY.","Probably ending in tears, but fun while it lasted",photos/WRESTLE_THE_KIDS.jpg
WÜRSTCHEN,FOOD,4,Gain 1 ENERGY for each card in your hand.,Tastes a lot better than it looks,photos/WÜRSTCHEN.jpg
ZERO GRAVITY CHAIR,"RELAX, ITEM",1,RELAX cards you play after this today cost -1 ENERGY.,The La-Z-Boy of the beach,photos/ZERO_GRAVITY_CHAIR.jpg
ZUMBA,EXERCISE,4,"(fun).
TOMORROW: Start the day with +4 ENERGY.",If only we had 15 Dance Dance Revolution mats,photos/ZUMBA.jpg
