run_games,seed,run_mode,competitors,rotate_seats,workers,code_revision,elapsed_seconds,card,free_pick_rate,free_pick_offers,free_picks,win_rate,win_credit_when_acquired,player_games_with_card,fun_added,fun_total_with_card,player_games_without_card,fun_total_without_card,offers,picks,pick_rate,acquisitions,plays,plays_without_acquisition,play_rate,win_rate_when_picked,win_rate_when_acquired
10000,20260901,four-galaxybrain,"Galaxybrain,Galaxybrain,Galaxybrain,Galaxybrain",True,16,8165b373b12caadbb761a2e98e2422b0f05ef855+dirty,4701.679,5 10 15,0.3535788923719958,15312,5414,0.23468288177339894,1524.4999999999995,6496,-0.2988990947628949,330888,33504,1716614,15436,5414,0.3507385332987821,6496,4907,23,0.7527228102469704,0.22709641669745098,0.23468288177339894
10000,20260901,four-galaxybrain,"Galaxybrain,Galaxybrain,Galaxybrain,Galaxybrain",True,16,8165b373b12caadbb761a2e98e2422b0f05ef855+dirty,4701.679,7 Wonders,0.5752030430759741,9727,5595,0.2443447932237169,1634.666666666666,6690,0.1362910090875289,343204,33310,1704298,9789,5595,0.5715599141893962,6690,6276,28,0.9342066091098541,0.2398570151921358,0.2443447932237169
10000,20260901,four-galaxybrain,"Galaxybrain,Galaxybrain,Galaxybrain,Galaxybrain",True,16,8165b373b12caadbb761a2e98e2422b0f05ef855+dirty,4701.679,Address the Food,0.14723103863412498,36548,5381,0.2590923220391668,1666.9999999999993,6434,0.2975136500289821,330947,33566,1716555,36717,5381,0.14655336764986246,6434,4043,39,0.6245944693341573,0.2576348881868301,0.2590923220391668
10000,20260901,four-galaxybrain,"Galaxybrain,Galaxybrain,Galaxybrain,Galaxybrain",True,16,8165b373b12caadbb761a2e98e2422b0f05ef855+dirty,4701.679,Adventure Race,0.10462883523307595,48954,5122,0.33291627567511206,2128.6666666666665,6394,1.9612740072723724,337829,33606,1709673,49320,5122,0.10385239253852392,6394,1719,42,0.2670913610938471,0.3402316803332031,0.33291627567511206
10000,20260901,four-galaxybrain,"Galaxybrain,Galaxybrain,Galaxybrain,Galaxybrain",True,16,8165b373b12caadbb761a2e98e2422b0f05ef855+dirty,4701.679,After Dinner Entertainment,0.1252982154785762,41916,5252,0.24702799937431563,1579.2499999999998,6393,-0.008193109977682411,327198,33607,1720304,42251,5252,0.12430475018342761,6393,3661,32,0.5698054474708171,0.25074574765168817,0.24702799937431563
10000,20260901,four-galaxybrain,"Galaxybrain,Galaxybrain,Galaxybrain,Galaxybrain",True,16,8165b373b12caadbb761a2e98e2422b0f05ef855+dirty,4701.679,Afternoon Coffee,0.09463511487499493,49358,4671,0.28420781893004105,1841.6666666666658,6480,0.9514636553817155,336862,33520,1710640,50139,5327,0.10624463990107501,6480,5360,91,0.8157053720894841,0.2888742882172579,0.28420781893004105
10000,20260901,four-galaxybrain,"Galaxybrain,Galaxybrain,Galaxybrain,Galaxybrain",True,16,8165b373b12caadbb761a2e98e2422b0f05ef855+dirty,4701.679,Agricola,0.49101271372205174,11405,5600,0.26076191898079026,1746.583333333333,6698,0.6376474805995187,346410,33302,1701092,11501,5600,0.48691418137553255,6698,6152,40,0.9130305728702879,0.25751488095238095,0.26076191898079026
10000,20260901,four-galaxybrain,"Galaxybrain,Galaxybrain,Galaxybrain,Galaxybrain",True,16,8165b373b12caadbb761a2e98e2422b0f05ef855+dirty,4701.679,Assorted Cutlery,0.22325199917982366,24385,5444,0.2367518059855521,1529.4166666666665,6460,-0.4839788358616204,328050,33540,1719452,24579,5444,0.22148988974327677,6460,4360,0,0.6749226006191951,0.23388133725202054,0.2367518059855521
10000,20260901,four-galaxybrain,"Galaxybrain,Galaxybrain,Galaxybrain,Galaxybrain",True,16,8165b373b12caadbb761a2e98e2422b0f05ef855+dirty,4701.679,Aunterview,0.7833216538192012,7135,5589,0.24196016455950226,1607.583333333333,6644,-0.3077525945812596,338385,33356,1709117,7191,5589,0.7772215269086358,6644,4892,38,0.732116132894343,0.2406661895389753,0.24196016455950226
10000,20260901,four-galaxybrain,"Galaxybrain,Galaxybrain,Galaxybrain,Galaxybrain",True,16,8165b373b12caadbb761a2e98e2422b0f05ef855+dirty,4701.679,Azul,0.5951322751322752,9450,5624,0.2456160071942445,1638.7499999999993,6672,0.12190195035522322,342201,33328,1705301,9524,5624,0.5905081898362032,6672,6145,33,0.9164802386278896,0.24337660028449495,0.2456160071942445
10000,20260901,four-galaxybrain,"Galaxybrain,Galaxybrain,Galaxybrain,Galaxybrain",True,16,8165b373b12caadbb761a2e98e2422b0f05ef855+dirty,4701.679,Beach Conversation,0.6422922636103152,8725,5604,0.24881964117091596,1668.8333333333333,6707,-0.10441699910895608,342732,33293,1704770,8779,5604,0.6383414967536166,6707,6260,38,0.9280948851000741,0.2523643825838686,0.24881964117091596
10000,20260901,four-galaxybrain,"Galaxybrain,Galaxybrain,Galaxybrain,Galaxybrain",True,16,8165b373b12caadbb761a2e98e2422b0f05ef855+dirty,4701.679,Beach Volleyball,0.5826300608909305,9361,5454,0.2427611940298507,1626.4999999999995,6700,-0.10480659764241551,342372,33300,1705130,9433,5454,0.5781829746634156,6700,5943,28,0.8833234244946492,0.24752475247524752,0.2427611940298507
10000,20260901,four-galaxybrain,"Galaxybrain,Galaxybrain,Galaxybrain,Galaxybrain",True,16,8165b373b12caadbb761a2e98e2422b0f05ef855+dirty,4701.679,Beaver Burger,0.8699212598425197,6350,5524,0.2821017940331053,1897.4166666666663,6726,0.9875810342945641,349813,33274,1697689,6517,5686,0.872487340800982,6726,6592,119,0.9630387143900657,0.2819058506272716,0.2821017940331053
10000,20260901,four-galaxybrain,"Galaxybrain,Galaxybrain,Galaxybrain,Galaxybrain",True,16,8165b373b12caadbb761a2e98e2422b0f05ef855+dirty,4701.679,Bend the Rules,0.3129325630612595,17483,5471,0.22114211649893256,1450.2499999999998,6558,-0.8555736660791382,330997,33442,1716505,17623,5471,0.31044657549792887,6558,3112,31,0.4723023220519047,0.22002376165234871,0.22114211649893256
10000,20260901,four-galaxybrain,"Galaxybrain,Galaxybrain,Galaxybrain,Galaxybrain",True,16,8165b373b12caadbb761a2e98e2422b0f05ef855+dirty,4701.679,Biography,0.5672930421533774,9845,5585,0.24499799919967985,1632.6666666666665,6664,0.03622161607624008,341315,33336,1706187,9973,5657,0.5672315251178182,6664,6330,27,0.9460469287102078,0.24703906664309705,0.24499799919967985
10000,20260901,four-galaxybrain,"Galaxybrain,Galaxybrain,Galaxybrain,Galaxybrain",True,16,8165b373b12caadbb761a2e98e2422b0f05ef855+dirty,4701.679,Boat Ride,0.15857373230603836,33486,5310,0.2059728904754513,1327.0833333333328,6443,-1.0757032757812652,323987,33557,1723515,33749,5310,0.15733799519985778,6443,3554,23,0.5496442932261058,0.20761142498430635,0.2059728904754513
10000,20260901,four-galaxybrain,"Galaxybrain,Galaxybrain,Galaxybrain,Galaxybrain",True,16,8165b373b12caadbb761a2e98e2422b0f05ef855+dirty,4701.679,Booby Prize,0.6438340420641305,8701,5602,0.25026311832807085,1664.4999999999993,6651,-0.030368234823185958,340280,33349,1707222,8761,5602,0.6394247232051136,6651,5195,38,0.7766482284347436,0.24794716172795422,0.25026311832807085
10000,20260901,four-galaxybrain,"Galaxybrain,Galaxybrain,Galaxybrain,Galaxybrain",True,16,8165b373b12caadbb761a2e98e2422b0f05ef855+dirty,4701.679,Bougie Coffee Machine,0.14433952198036706,37488,5411,0.2623461578239734,1691.0833333333328,6446,0.39744080658272907,332104,33554,1715398,37808,5411,0.14311785865425306,6446,3446,35,0.5317080697423238,0.2612579313743608,0.2623461578239734
10000,20260901,four-galaxybrain,"Galaxybrain,Galaxybrain,Galaxybrain,Galaxybrain",True,16,8165b373b12caadbb761a2e98e2422b0f05ef855+dirty,4701.679,Bracelet Making,0.18153233413688294,28623,5196,0.24555814555814554,1580.1666666666665,6435,-0.058499581752968766,329076,33565,1718426,28915,5302,0.18336503544872904,6435,4660,32,0.7205814133292099,0.24240852508487362,0.24555814555814554
10000,20260901,four-galaxybrain,"Galaxybrain,Galaxybrain,Galaxybrain,Galaxybrain",True,16,8165b373b12caadbb761a2e98e2422b0f05ef855+dirty,4701.679,Bring a Friend,0.32753640275894597,16963,5556,0.2359914336104812,1561.083333333333,6615,-0.41108947797580697,336336,33385,1711166,17080,5556,0.3252927400468384,6615,4175,27,0.6285757302017465,0.24116570674346047,0.2359914336104812
10000,20260901,four-galaxybrain,"Galaxybrain,Galaxybrain,Galaxybrain,Galaxybrain",True,16,8165b373b12caadbb761a2e98e2422b0f05ef855+dirty,4701.679,Bubly,0.6379611311532642,8593,5482,0.25456313584679824,1701.4999999999995,6684,-0.07914065044523255,341697,33316,1705805,8717,5595,0.6418492600665366,6684,5518,100,0.8133844339622641,0.2584450402144772,0.25456313584679824
10000,20260901,four-galaxybrain,"Galaxybrain,Galaxybrain,Galaxybrain,Galaxybrain",True,16,8165b373b12caadbb761a2e98e2422b0f05ef855+dirty,4701.679,Bug Spray,0.12294968986905583,43530,5352,0.2252460024600245,1464.9999999999993,6504,-0.6359785648250593,329460,33496,1718042,43881,5352,0.1219662268407739,6504,1790,28,0.27403551745254134,0.228870827105132,0.2252460024600245
10000,20260901,four-galaxybrain,"Galaxybrain,Galaxybrain,Galaxybrain,Galaxybrain",True,16,8165b373b12caadbb761a2e98e2422b0f05ef855+dirty,4701.679,Butter Tarts,0.09596602972399151,49455,4746,0.2712011349306431,1720.4999999999995,6344,0.3930770070059779,326832,33656,1720670,50114,5198,0.10372351039629644,6344,2776,96,0.43105590062111804,0.2789855072463767,0.2712011349306431
10000,20260901,four-galaxybrain,"Galaxybrain,Galaxybrain,Galaxybrain,Galaxybrain",True,16,8165b373b12caadbb761a2e98e2422b0f05ef855+dirty,4701.679,Calzones,0.7826343768458358,6772,5300,0.24946727549467268,1638.9999999999995,6570,-0.14755446647643566,335492,33430,1712010,6965,5488,0.7879396984924623,6570,6554,104,0.9820197782439317,0.25198918853255586,0.24946727549467268
10000,20260901,four-galaxybrain,"Galaxybrain,Galaxybrain,Galaxybrain,Galaxybrain",True,16,8165b373b12caadbb761a2e98e2422b0f05ef855+dirty,4701.679,Camp Crossroads Dessert,0.3235149729995091,16296,5272,0.21746956746956742,1399.4166666666663,6435,-0.8337178752194419,324890,33565,1722612,16456,5397,0.3279654837141468,6435,2879,92,0.44109085337827486,0.22013773083811994,0.21746956746956742
10000,20260901,four-galaxybrain,"Galaxybrain,Galaxybrain,Galaxybrain,Galaxybrain",True,16,8165b373b12caadbb761a2e98e2422b0f05ef855+dirty,4701.679,Campfire,0.19393473244698384,27303,5295,0.2397424032083911,1554.2499999999995,6483,-0.14577459779217605,331057,33517,1716445,27502,5295,0.1925314522580176,6483,4060,40,0.6224130001533037,0.2381019830028328,0.2397424032083911
10000,20260901,four-galaxybrain,"Galaxybrain,Galaxybrain,Galaxybrain,Galaxybrain",True,16,8165b373b12caadbb761a2e98e2422b0f05ef855+dirty,4701.679,Canoe,0.34717005569226783,15442,5361,0.22516707168894282,1482.4999999999995,6584,-0.6817532131492499,333269,33416,1714233,15556,5361,0.34462586783234767,6584,5080,25,0.7686488122257528,0.2244606105826027,0.22516707168894282
10000,20260901,four-galaxybrain,"Galaxybrain,Galaxybrain,Galaxybrain,Galaxybrain",True,16,8165b373b12caadbb761a2e98e2422b0f05ef855+dirty,4701.679,Carcassonne,0.3446797781139687,15864,5468,0.20708067618179976,1363.8333333333333,6586,-1.1511536494074193,330788,33414,1716714,15995,5468,0.34185683025945607,6586,4551,29,0.6879818594104309,0.20711411850768105,0.20708067618179976
10000,20260901,four-galaxybrain,"Galaxybrain,Galaxybrain,Galaxybrain,Galaxybrain",True,16,8165b373b12caadbb761a2e98e2422b0f05ef855+dirty,4701.679,Chalk Art,0.5582650409754147,10006,5586,0.24041187882405604,1610.9999999999995,6701,-0.3966668955100445,340795,33299,1706707,10130,5655,0.5582428430404739,6701,6414,30,0.9529044718466796,0.2385204833480695,0.24041187882405604
10000,20260901,four-galaxybrain,"Galaxybrain,Galaxybrain,Galaxybrain,Galaxybrain",True,16,8165b373b12caadbb761a2e98e2422b0f05ef855+dirty,4701.679,Charcuterie,0.6379534444050573,8463,5399,0.23953149349017241,1588.3333333333333,6631,-0.13714368906826024,338666,33369,1708836,8665,5592,0.6453548759376804,6631,6362,113,0.9433570581257414,0.2381378159275155,0.23953149349017241
10000,20260901,four-galaxybrain,"Galaxybrain,Galaxybrain,Galaxybrain,Galaxybrain",True,16,8165b373b12caadbb761a2e98e2422b0f05ef855+dirty,4701.679,Cheap Red,0.64059370950642,8489,5438,0.2491353383458646,1656.7499999999995,6650,0.025573829626544864,340539,33350,1706963,8676,5613,0.646957123098202,6650,6216,102,0.9206161137440758,0.24801057069897256,0.2491353383458646
10000,20260901,four-galaxybrain,"Galaxybrain,Galaxybrain,Galaxybrain,Galaxybrain",True,16,8165b373b12caadbb761a2e98e2422b0f05ef855+dirty,4701.679,Cheap White,0.5629522431259045,9674,5446,0.23882646691635448,1594.166666666666,6675,0.0043343420124699605,341701,33325,1705801,9868,5624,0.5699229833806242,6675,6391,104,0.9427644195309043,0.23710881934566144,0.23882646691635448
10000,20260901,four-galaxybrain,"Galaxybrain,Galaxybrain,Galaxybrain,Galaxybrain",True,16,8165b373b12caadbb761a2e98e2422b0f05ef855+dirty,4701.679,Cheesy Phone Game,0.6360726940221739,8749,5565,0.22648961781522717,1505.2499999999998,6646,-0.45408932829386117,337676,33354,1709826,8866,5635,0.6355741033160388,6646,5929,29,0.8882397003745318,0.22772848269742677,0.22648961781522717
10000,20260901,four-galaxybrain,"Galaxybrain,Galaxybrain,Galaxybrain,Galaxybrain",True,16,8165b373b12caadbb761a2e98e2422b0f05ef855+dirty,4701.679,Christmas Name Draw,0.12206561868716187,43067,5257,0.2344526387363355,1494.1666666666663,6373,-0.4005986686135543,324072,33627,1723430,43384,5257,0.12117370459155449,6373,3864,28,0.6036556788001874,0.24269228330479986,0.2344526387363355
10000,20260901,four-galaxybrain,"Galaxybrain,Galaxybrain,Galaxybrain,Galaxybrain",True,16,8165b373b12caadbb761a2e98e2422b0f05ef855+dirty,4701.679,Chuck a Frisbee,0.6318531943815133,8828,5578,0.26590787098033464,1816.416666666666,6831,0.6789459651364496,353508,33169,1693994,8913,5578,0.6258274430606978,22210,15409,30,0.6928507194244604,0.2618620772080793,0.26590787098033464
10000,20260901,four-galaxybrain,"Galaxybrain,Galaxybrain,Galaxybrain,Galaxybrain",True,16,8165b373b12caadbb761a2e98e2422b0f05ef855+dirty,4701.679,Civilization the Board Game,0.1239871867345016,42456,5264,0.36438086352563115,2343.333333333334,6431,2.592499691463736,343179,33569,1704323,42824,5264,0.12292172613487763,6431,3112,29,0.48173374613003095,0.37078900709219853,0.36438086352563115
10000,20260901,four-galaxybrain,"Galaxybrain,Galaxybrain,Galaxybrain,Galaxybrain",True,16,8165b373b12caadbb761a2e98e2422b0f05ef855+dirty,4701.679,Classic Book,0.6369659584190085,8754,5576,0.22309092722829058,1490.9166666666658,6683,-0.6234501830930839,338616,33317,1708886,8862,5640,0.6364251861882194,6683,6008,30,0.8949798897661254,0.22418735224586286,0.22309092722829058
10000,20260901,four-galaxybrain,"Galaxybrain,Galaxybrain,Galaxybrain,Galaxybrain",True,16,8165b373b12caadbb761a2e98e2422b0f05ef855+dirty,4701.679,Cliff Climbing,0.20623398804440649,25762,5313,0.2178522571819425,1433.2499999999998,6579,-0.685637075449165,332994,33421,1714508,25973,5313,0.20455858006391253,6579,4008,25,0.6069049061175046,0.21794027228809834,0.2178522571819425
10000,20260901,four-galaxybrain,"Galaxybrain,Galaxybrain,Galaxybrain,Galaxybrain",True,16,8165b373b12caadbb761a2e98e2422b0f05ef855+dirty,4701.679,Colouring,0.35918015388697266,15076,5415,0.23040564643530545,1507.083333333333,6541,-0.386148174904541,332705,33459,1714797,15278,5509,0.3605838460531483,6541,5076,26,0.7729556875285518,0.22667453258304585,0.23040564643530545
10000,20260901,four-galaxybrain,"Galaxybrain,Galaxybrain,Galaxybrain,Galaxybrain",True,16,8165b373b12caadbb761a2e98e2422b0f05ef855+dirty,4701.679,Couch Tube,0.13059289727126805,39872,5207,0.29416564667482653,1922.666666666666,6536,1.2399691617671493,341342,33464,1706160,40191,5207,0.1295563683411709,6536,4441,34,0.6759512937595129,0.29783624607899617,0.29416564667482653
10000,20260901,four-galaxybrain,"Galaxybrain,Galaxybrain,Galaxybrain,Galaxybrain",True,16,8165b373b12caadbb761a2e98e2422b0f05ef855+dirty,4701.679,Date's First Nos,0.10316589449727709,49212,5077,0.21842708000426123,1366.9166666666667,6258,-0.7809694942497813,316209,33742,1731293,49597,5077,0.10236506240296792,6258,368,30,0.058524173027989825,0.21907622611778613,0.21842708000426123
10000,20260901,four-galaxybrain,"Galaxybrain,Galaxybrain,Galaxybrain,Galaxybrain",True,16,8165b373b12caadbb761a2e98e2422b0f05ef855+dirty,4701.679,Decaf,0.9777064383805957,5607,5482,0.2801702616337127,1870.416666666666,6676,0.9221724443539259,346857,33324,1700645,5738,5608,0.9773440223074242,6676,6572,96,0.9704666272888364,0.2798531859248692,0.2801702616337127
10000,20260901,four-galaxybrain,"Galaxybrain,Galaxybrain,Galaxybrain,Galaxybrain",True,16,8165b373b12caadbb761a2e98e2422b0f05ef855+dirty,4701.679,Dishwashing,0.6171970965940815,8955,5527,0.19508151073309027,1284.4166666666663,6584,-1.898783580511342,326575,33416,1720927,9039,5527,0.611461444850094,6584,1183,34,0.17875491084919914,0.19689705084132442,0.19508151073309027
10000,20260901,four-galaxybrain,"Galaxybrain,Galaxybrain,Galaxybrain,Galaxybrain",True,16,8165b373b12caadbb761a2e98e2422b0f05ef855+dirty,4701.679,Dock Fishing,0.5816445623342175,9425,5482,0.2385457174194834,1594.916666666666,6686,-0.1300112665405777,341516,33314,1705986,9537,5546,0.5815245884450037,6686,6390,35,0.9507513762832912,0.2391363144608726,0.2385457174194834
10000,20260901,four-galaxybrain,"Galaxybrain,Galaxybrain,Galaxybrain,Galaxybrain",True,16,8165b373b12caadbb761a2e98e2422b0f05ef855+dirty,4701.679,Doritos,0.6334620626987733,8804,5577,0.26548540798094095,1782.9999999999995,6716,-0.014241291524797361,343696,33284,1703806,8917,5675,0.6364248065492879,6716,4770,88,0.701058201058201,0.2660499265785609,0.26548540798094095
10000,20260901,four-galaxybrain,"Galaxybrain,Galaxybrain,Galaxybrain,Galaxybrain",True,16,8165b373b12caadbb761a2e98e2422b0f05ef855+dirty,4701.679,Doxology,0.3304822565969063,16485,5448,0.22857510288065838,1481.1666666666663,6480,-0.830962167418015,327183,33520,1720319,16591,5448,0.32837080344765235,6480,3240,36,0.4972375690607735,0.22999265785609393,0.22857510288065838
10000,20260901,four-galaxybrain,"Galaxybrain,Galaxybrain,Galaxybrain,Galaxybrain",True,16,8165b373b12caadbb761a2e98e2422b0f05ef855+dirty,4701.679,Dumbed Down Settlers,0.5798564145250235,9611,5573,0.25236749467003816,1696.6666666666665,6723,0.3774520572967788,346245,33277,1701257,9685,5573,0.5754259163655137,6723,6240,28,0.9243075099985187,0.25420180632812966,0.25236749467003816
10000,20260901,four-galaxybrain,"Galaxybrain,Galaxybrain,Galaxybrain,Galaxybrain",True,16,8165b373b12caadbb761a2e98e2422b0f05ef855+dirty,4701.679,Early Bedtime,0.7879213483146067,7120,5610,0.26988536817339936,1797.1666666666663,6659,0.18739126853203913,341898,33341,1705604,7213,5654,0.783862470539304,6659,3986,37,0.5952807646356033,0.2679666312934795,0.26988536817339936
10000,20260901,four-galaxybrain,"Galaxybrain,Galaxybrain,Galaxybrain,Galaxybrain",True,16,8165b373b12caadbb761a2e98e2422b0f05ef855+dirty,4701.679,Epic Duels,0.6186915887850467,9095,5627,0.20511759691088707,1363.4166666666663,6647,-0.9641331052019453,334900,33353,1712602,9159,5627,0.6143683808276013,6647,5729,29,0.8581485919712403,0.20794088027960428,0.20511759691088707
10000,20260901,four-galaxybrain,"Galaxybrain,Galaxybrain,Galaxybrain,Galaxybrain",True,16,8165b373b12caadbb761a2e98e2422b0f05ef855+dirty,4701.679,Epic Playlist,0.31502578926486424,17643,5558,0.23251516541774986,1520.4166666666663,6539,-0.4602143388619453,332198,33461,1715304,17773,5558,0.3127215439149271,6539,3137,28,0.477691487741739,0.23139318699772093,0.23251516541774986
10000,20260901,four-galaxybrain,"Galaxybrain,Galaxybrain,Galaxybrain,Galaxybrain",True,16,8165b373b12caadbb761a2e98e2422b0f05ef855+dirty,4701.679,Epic Prank,0.46595549629135763,11999,5591,0.33620776221318466,2232.083333333333,6639,2.3214090732166284,352688,33361,1694814,12082,5591,0.46275451084257574,6639,6333,25,0.9503301320528211,0.3398169677457818,0.33620776221318466
10000,20260901,four-galaxybrain,"Galaxybrain,Galaxybrain,Galaxybrain,Galaxybrain",True,16,8165b373b12caadbb761a2e98e2422b0f05ef855+dirty,4701.679,Euchre,0.6294561243144424,8752,5509,0.22749557745766993,1500.3333333333333,6595,-0.5582948442501419,334507,33405,1712995,8823,5509,0.6243907967811402,6595,5810,33,0.8765841882920942,0.22746112422097173,0.22749557745766993
10000,20260901,four-galaxybrain,"Galaxybrain,Galaxybrain,Galaxybrain,Galaxybrain",True,16,8165b373b12caadbb761a2e98e2422b0f05ef855+dirty,4701.679,Euchre Tournament,0.22228195690831645,24181,5375,0.22553169253278982,1438.6666666666663,6379,-0.26397953648724837,325110,33621,1722392,24411,5375,0.22018762033509484,6379,3957,35,0.616931711880262,0.2189457364341085,0.22553169253278982
10000,20260901,four-galaxybrain,"Galaxybrain,Galaxybrain,Galaxybrain,Galaxybrain",True,16,8165b373b12caadbb761a2e98e2422b0f05ef855+dirty,4701.679,Euchre Tournament Awards Ceremony,0.11887387491079855,43441,5164,0.2476088564785457,1561.9166666666663,6308,0.008268908598019209,322935,33692,1724567,43834,5164,0.11780809417347264,6308,2777,34,0.4378744875433617,0.24459398399173765,0.2476088564785457
10000,20260901,four-galaxybrain,"Galaxybrain,Galaxybrain,Galaxybrain,Galaxybrain",True,16,8165b373b12caadbb761a2e98e2422b0f05ef855+dirty,4701.679,Evening Chat,0.9373565103312561,6098,5716,0.2632198433937952,1770.4166666666665,6726,0.4251168685970228,346666,33274,1700836,6132,5716,0.9321591650358774,6726,6434,26,0.9529028436018957,0.26599311873104736,0.2632198433937952
10000,20260901,four-galaxybrain,"Galaxybrain,Galaxybrain,Galaxybrain,Galaxybrain",True,16,8165b373b12caadbb761a2e98e2422b0f05ef855+dirty,4701.679,Evening on the Dock,0.0931777909037212,54176,5048,0.24009086636377874,1532.4999999999998,6383,-0.16667776212369034,325836,33617,1721666,54716,5211,0.09523722494334382,6383,2137,29,0.3332813474734872,0.24281967632572118,0.24009086636377874
10000,20260901,four-galaxybrain,"Galaxybrain,Galaxybrain,Galaxybrain,Galaxybrain",True,16,8165b373b12caadbb761a2e98e2422b0f05ef855+dirty,4701.679,Fajitas,0.09936975684537751,46966,4667,0.2805699753552514,1783.5833333333333,6357,0.4989503388929748,328067,33643,1719435,47697,5211,0.10925215422353607,6357,4431,95,0.6867637941723497,0.2854858312543977,0.2805699753552514
10000,20260901,four-galaxybrain,"Galaxybrain,Galaxybrain,Galaxybrain,Galaxybrain",True,16,8165b373b12caadbb761a2e98e2422b0f05ef855+dirty,4701.679,Family Baseball Game,0.869136587692797,6289,5466,0.28545571754438154,1918.8333333333328,6722,1.0400404630031588,349899,33278,1697603,6344,5466,0.8616015132408575,6722,6472,32,0.9582469647616227,0.2883278448591291,0.28545571754438154
10000,20260901,four-galaxybrain,"Galaxybrain,Galaxybrain,Galaxybrain,Galaxybrain",True,16,8165b373b12caadbb761a2e98e2422b0f05ef855+dirty,4701.679,Fancy Craft,0.1310095854599776,40165,5262,0.247063085442219,1591.3333333333326,6441,0.06291647743194773,330039,33559,1717463,40522,5371,0.13254528404323576,6441,3089,32,0.47721303877645604,0.24753304784956237,0.247063085442219
10000,20260901,four-galaxybrain,"Galaxybrain,Galaxybrain,Galaxybrain,Galaxybrain",True,16,8165b373b12caadbb761a2e98e2422b0f05ef855+dirty,4701.679,Fancy Floatie,0.61389748121962,9052,5557,0.2101460298144204,1381.4999999999998,6574,-1.1282210811413051,330309,33426,1717193,9132,5557,0.6085194918966272,6574,1809,34,0.2737590799031477,0.20841581188890887,0.2101460298144204
10000,20260901,four-galaxybrain,"Galaxybrain,Galaxybrain,Galaxybrain,Galaxybrain",True,16,8165b373b12caadbb761a2e98e2422b0f05ef855+dirty,4701.679,Fishing Boat,0.13378639315896382,39877,5335,0.21849152191894122,1408.833333333333,6448,-0.6978394930250076,326283,33552,1721219,40210,5335,0.13267843819945288,6448,2577,28,0.39793082149474984,0.21921274601686974,0.21849152191894122
10000,20260901,four-galaxybrain,"Galaxybrain,Galaxybrain,Galaxybrain,Galaxybrain",True,16,8165b373b12caadbb761a2e98e2422b0f05ef855+dirty,4701.679,Fishing Evening,0.0963820325092731,51493,4963,0.2862058179543321,1829.9999999999993,6394,1.1263768473356208,333344,33606,1714158,51974,5135,0.09879939969984992,6394,4068,31,0.6331517509727627,0.29272963323596224,0.2862058179543321
10000,20260901,four-galaxybrain,"Galaxybrain,Galaxybrain,Galaxybrain,Galaxybrain",True,16,8165b373b12caadbb761a2e98e2422b0f05ef855+dirty,4701.679,Fishing Morning,0.8330836080311658,6674,5560,0.26834029642892665,1798.4166666666665,6702,0.666246041753233,346776,33298,1700726,6771,5610,0.8285334514842712,6702,6346,24,0.943502824858757,0.2663844325609031,0.26834029642892665
10000,20260901,four-galaxybrain,"Galaxybrain,Galaxybrain,Galaxybrain,Galaxybrain",True,16,8165b373b12caadbb761a2e98e2422b0f05ef855+dirty,4701.679,Fit to Print,0.8307692307692308,6695,5562,0.21265197568389052,1399.2499999999995,6580,-1.095403440416618,330792,33420,1716710,6762,5562,0.8225377107364685,6580,4053,25,0.6136260408781227,0.21330756322665706,0.21265197568389052
10000,20260901,four-galaxybrain,"Galaxybrain,Galaxybrain,Galaxybrain,Galaxybrain",True,16,8165b373b12caadbb761a2e98e2422b0f05ef855+dirty,4701.679,Floating,0.8039329091960671,6916,5560,0.25092039800995014,1681.166666666666,6700,-0.35508672851956646,340976,33300,1706526,6993,5601,0.8009438009438009,6700,5875,41,0.8715324135884883,0.2595816223293459,0.25092039800995014
10000,20260901,four-galaxybrain,"Galaxybrain,Galaxybrain,Galaxybrain,Galaxybrain",True,16,8165b373b12caadbb761a2e98e2422b0f05ef855+dirty,4701.679,Forced Family Fun,0.1273510304386968,41099,5234,0.2834618815257883,1800.8333333333328,6353,0.45218969584357893,327611,33647,1719891,41457,5234,0.12625129652410932,6353,2957,30,0.4632617891273696,0.28853012355113994,0.2834618815257883
10000,20260901,four-galaxybrain,"Galaxybrain,Galaxybrain,Galaxybrain,Galaxybrain",True,16,8165b373b12caadbb761a2e98e2422b0f05ef855+dirty,4701.679,Grocery Store Run,0.0987265009096422,49470,4884,0.2462115294485236,1575.9999999999995,6401,-0.10108608891121662,327108,33599,1720394,50070,5303,0.10591172358697823,6401,2299,113,0.35293214614676083,0.24918285247344263,0.2462115294485236
10000,20260901,four-galaxybrain,"Galaxybrain,Galaxybrain,Galaxybrain,Galaxybrain",True,16,8165b373b12caadbb761a2e98e2422b0f05ef855+dirty,4701.679,Group Dinner,0.7926758097461336,6854,5433,0.2492088607594936,1653.7499999999995,6636,0.5055779424340088,342479,33364,1705023,6991,5569,0.7965956229437848,6636,6281,95,0.9331451493091666,0.24763572155383964,0.2492088607594936
10000,20260901,four-galaxybrain,"Galaxybrain,Galaxybrain,Galaxybrain,Galaxybrain",True,16,8165b373b12caadbb761a2e98e2422b0f05ef855+dirty,4701.679,High-End Red,0.08813597060897317,53894,4750,0.24059565263268962,1520.083333333333,6318,-0.18438489524925927,322422,33682,1725080,54536,5190,0.09516649552589115,6318,1731,105,0.269500233535731,0.24131342324983937,0.24059565263268962
10000,20260901,four-galaxybrain,"Galaxybrain,Galaxybrain,Galaxybrain,Galaxybrain",True,16,8165b373b12caadbb761a2e98e2422b0f05ef855+dirty,4701.679,High-End White,0.32949750671269656,15642,5154,0.20684159526723778,1351.916666666666,6536,-1.0343468536019387,328906,33464,1718596,15990,5477,0.34252657911194495,6536,5155,108,0.7758880192655027,0.20590651816687963,0.20684159526723778
10000,20260901,four-galaxybrain,"Galaxybrain,Galaxybrain,Galaxybrain,Galaxybrain",True,16,8165b373b12caadbb761a2e98e2422b0f05ef855+dirty,4701.679,Hold the Baby,0.13431845443176887,39183,5263,0.24094202898550726,1540.5833333333335,6394,-0.04936684545379677,327028,33606,1720474,39519,5263,0.13317644677243856,6394,3629,28,0.5650887573964497,0.24068972069162076,0.24094202898550726
10000,20260901,four-galaxybrain,"Galaxybrain,Galaxybrain,Galaxybrain,Galaxybrain",True,16,8165b373b12caadbb761a2e98e2422b0f05ef855+dirty,4701.679,Ice Cream Sandwich,0.34326797385620916,15300,5252,0.23315374108362416,1536.2499999999995,6589,-0.5306985671935038,334354,33411,1713148,15579,5508,0.3535528596187175,6589,5618,91,0.8410179640718562,0.23314572742677311,0.23315374108362416
10000,20260901,four-galaxybrain,"Galaxybrain,Galaxybrain,Galaxybrain,Galaxybrain",True,16,8165b373b12caadbb761a2e98e2422b0f05ef855+dirty,4701.679,Ice Wine,0.09154236535901047,51823,4744,0.24914939279731982,1586.5833333333326,6368,0.02571462211150788,326100,33632,1721402,52560,5213,0.09918188736681888,6368,1770,116,0.2729796421961752,0.2535807916107167,0.24914939279731982
10000,20260901,four-galaxybrain,"Galaxybrain,Galaxybrain,Galaxybrain,Galaxybrain",True,16,8165b373b12caadbb761a2e98e2422b0f05ef855+dirty,4701.679,Johnny Appleseed,0.6328347984929786,8759,5543,0.23006753351476655,1521.666666666666,6614,-0.37795542190602305,336468,33386,1711034,8815,5543,0.6288145207033465,6614,6062,37,0.9114418884378289,0.2330266402068675,0.23006753351476655
10000,20260901,four-galaxybrain,"Galaxybrain,Galaxybrain,Galaxybrain,Galaxybrain",True,16,8165b373b12caadbb761a2e98e2422b0f05ef855+dirty,4701.679,Kayak,0.7044347603178672,7802,5496,0.24437203791469186,1649.9999999999995,6752,0.2558081389779616,347054,33248,1700448,7859,5496,0.6993256139457946,6752,6277,25,0.9262210417588904,0.24833212032993682,0.24437203791469186
10000,20260901,four-galaxybrain,"Galaxybrain,Galaxybrain,Galaxybrain,Galaxybrain",True,16,8165b373b12caadbb761a2e98e2422b0f05ef855+dirty,4701.679,Keeper,0.6402541356988731,8342,5341,0.24241504854368917,1597.999999999999,6592,-0.15553684019640457,336572,33408,1710930,8552,5543,0.6481524789522919,6592,6296,105,0.9401224428848738,0.24352035600457028,0.24241504854368917
10000,20260901,four-galaxybrain,"Galaxybrain,Galaxybrain,Galaxybrain,Galaxybrain",True,16,8165b373b12caadbb761a2e98e2422b0f05ef855+dirty,4701.679,Kneeboard,0.5931611264027101,9446,5603,0.25685302963072515,1736.5833333333326,6761,0.626884175397862,349601,33239,1697901,9513,5603,0.5889834962682645,6761,6307,32,0.9284557632857353,0.25877506097923725,0.25685302963072515
10000,20260901,four-galaxybrain,"Galaxybrain,Galaxybrain,Galaxybrain,Galaxybrain",True,16,8165b373b12caadbb761a2e98e2422b0f05ef855+dirty,4701.679,Last Year's Shorts,0.12666042132065047,41631,5273,0.2422820191906549,1548.666666666666,6392,-0.42580667217025336,324904,33608,1722598,41977,5273,0.12561640898587323,6392,2020,22,0.3149360773308388,0.24334660850875522,0.2422820191906549
10000,20260901,four-galaxybrain,"Galaxybrain,Galaxybrain,Galaxybrain,Galaxybrain",True,16,8165b373b12caadbb761a2e98e2422b0f05ef855+dirty,4701.679,Leftovers,0.1283064761325631,39468,5064,0.2655104342921601,1726.0833333333328,6501,0.36436124275915915,334754,33499,1712748,39940,5425,0.135828743114672,6501,3754,108,0.5680133151762747,0.2614592933947772,0.2655104342921601
10000,20260901,four-galaxybrain,"Galaxybrain,Galaxybrain,Galaxybrain,Galaxybrain",True,16,8165b373b12caadbb761a2e98e2422b0f05ef855+dirty,4701.679,Long Distance Visitors,0.10295343575086341,50382,5187,0.2422557585385226,1524.9999999999998,6295,-0.1492418626830272,321434,33705,1726068,50799,5187,0.10210830921868541,6295,1839,31,0.29070502687322164,0.2405693721483195,0.2422557585385226
10000,20260901,four-galaxybrain,"Galaxybrain,Galaxybrain,Galaxybrain,Galaxybrain",True,16,8165b373b12caadbb761a2e98e2422b0f05ef855+dirty,4701.679,M&Ms,0.6267092069279854,8776,5500,0.26263237518910737,1735.9999999999995,6610,0.08450889161647979,338816,33390,1708686,8901,5614,0.6307156499269745,6610,5342,106,0.7954139368671829,0.2678126113288207,0.26263237518910737
10000,20260901,four-galaxybrain,"Galaxybrain,Galaxybrain,Galaxybrain,Galaxybrain",True,16,8165b373b12caadbb761a2e98e2422b0f05ef855+dirty,4701.679,Make Plans,0.14875369302699137,34863,5186,0.2519768614339542,1582.6666666666663,6281,0.22380732366418243,322694,33719,1724808,35140,5186,0.14758110415480932,6281,3755,38,0.5942395948726065,0.2501928268414963,0.2519768614339542
10000,20260901,four-galaxybrain,"Galaxybrain,Galaxybrain,Galaxybrain,Galaxybrain",True,16,8165b373b12caadbb761a2e98e2422b0f05ef855+dirty,4701.679,Medical Advice,0.35043969024806404,15238,5340,0.25111093684650765,1601.0833333333328,6376,0.014213797218992852,326448,33624,1721054,15358,5340,0.3477015236358901,6376,3223,26,0.5034364261168385,0.2460049937578027,0.25111093684650765
10000,20260901,four-galaxybrain,"Galaxybrain,Galaxybrain,Galaxybrain,Galaxybrain",True,16,8165b373b12caadbb761a2e98e2422b0f05ef855+dirty,4701.679,Morning Bike,0.3166158893836419,17068,5404,0.2827262524232221,1847.333333333333,6534,0.7254045885438458,338425,33466,1709077,17225,5404,0.3137300435413643,6534,3154,32,0.4803533353639963,0.28090303478904505,0.2827262524232221
10000,20260901,four-galaxybrain,"Galaxybrain,Galaxybrain,Galaxybrain,Galaxybrain",True,16,8165b373b12caadbb761a2e98e2422b0f05ef855+dirty,4701.679,Morning Coffee,0.3084306695963918,17294,5334,0.25585745987510955,1652.5833333333326,6459,-0.04549186667387062,330374,33541,1717128,17458,5461,0.312807881773399,6459,2314,102,0.3526901386983691,0.25637856314472307,0.25585745987510955
10000,20260901,four-galaxybrain,"Galaxybrain,Galaxybrain,Galaxybrain,Galaxybrain",True,16,8165b373b12caadbb761a2e98e2422b0f05ef855+dirty,4701.679,Morning Run,0.12137694124382738,41919,5088,0.2701381200906741,1708.0833333333326,6323,0.4010753543429715,325794,33677,1721708,42262,5088,0.12039184137049833,6323,1792,33,0.28193832599118945,0.2720617138364779,0.2701381200906741
10000,20260901,four-galaxybrain,"Galaxybrain,Galaxybrain,Galaxybrain,Galaxybrain",True,16,8165b373b12caadbb761a2e98e2422b0f05ef855+dirty,4701.679,Morning Walk,0.7476813966175668,7332,5482,0.22610968682451105,1499.3333333333328,6631,-0.9048940556240979,334419,33369,1713083,7395,5482,0.7413116970926301,6631,2648,35,0.39723972397239726,0.2282317888848352,0.22610968682451105
10000,20260901,four-galaxybrain,"Galaxybrain,Galaxybrain,Galaxybrain,Galaxybrain",True,16,8165b373b12caadbb761a2e98e2422b0f05ef855+dirty,4701.679,Movie,0.6176989199911836,9074,5605,0.23434297995701492,1562.8333333333326,6669,-0.6652325221919853,337673,33331,1709829,9176,5650,0.6157367044463818,6669,5980,31,0.8925373134328358,0.23693215339233037,0.23434297995701492
10000,20260901,four-galaxybrain,"Galaxybrain,Galaxybrain,Galaxybrain,Galaxybrain",True,16,8165b373b12caadbb761a2e98e2422b0f05ef855+dirty,4701.679,Nap,0.6346132064786499,8829,5603,0.25241257523752664,1691.4166666666658,6701,-0.1880054737232939,341959,33299,1705543,8918,5649,0.6334379905808477,6701,5321,33,0.7901692901692902,0.25525166696170404,0.25241257523752664
10000,20260901,four-galaxybrain,"Galaxybrain,Galaxybrain,Galaxybrain,Galaxybrain",True,16,8165b373b12caadbb761a2e98e2422b0f05ef855+dirty,4701.679,Navy SEALing,0.1729831632321394,30766,5322,0.39305492624477684,2602.4166666666674,6621,3.300459150302558,357148,33379,1690354,31037,5322,0.17147275832071399,6621,5247,28,0.7891412242442473,0.4054083677815358,0.39305492624477684
10000,20260901,four-galaxybrain,"Galaxybrain,Galaxybrain,Galaxybrain,Galaxybrain",True,16,8165b373b12caadbb761a2e98e2422b0f05ef855+dirty,4701.679,New Nos Book Entry,0.35282837967401726,15645,5520,0.22611966854760812,1482.6666666666665,6557,-0.717742093511589,331702,33443,1715800,15759,5520,0.35027603274319435,6557,5002,27,0.7597205346294046,0.228713768115942,0.22611966854760812
10000,20260901,four-galaxybrain,"Galaxybrain,Galaxybrain,Galaxybrain,Galaxybrain",True,16,8165b373b12caadbb761a2e98e2422b0f05ef855+dirty,4701.679,Newfangled Tres Fute,0.23019520215860703,23719,5460,0.24735126324368376,1618.6666666666665,6544,0.21808609841455961,336165,33456,1711337,23874,5460,0.22870067856245288,6544,5331,29,0.8110451848471018,0.2516483516483516,0.24735126324368376
10000,20260901,four-galaxybrain,"Galaxybrain,Galaxybrain,Galaxybrain,Galaxybrain",True,16,8165b373b12caadbb761a2e98e2422b0f05ef855+dirty,4701.679,Nos Book,0.3451204932989366,15893,5485,0.23148714031066964,1515.0833333333328,6545,-0.624857193322292,331602,33455,1715900,15987,5485,0.3430912616500907,6545,5015,38,0.7618107245936503,0.2357186265572774,0.23148714031066964
10000,20260901,four-galaxybrain,"Galaxybrain,Galaxybrain,Galaxybrain,Galaxybrain",True,16,8165b373b12caadbb761a2e98e2422b0f05ef855+dirty,4701.679,Nos Shirt,0.3240784780023781,16820,5451,0.23577017490027607,1536.7499999999995,6518,-0.4023999998973551,331445,33482,1716057,16946,5451,0.32166883040245486,6518,3171,43,0.48331047096479196,0.23526264294013327,0.23577017490027607
10000,20260901,four-galaxybrain,"Galaxybrain,Galaxybrain,Galaxybrain,Galaxybrain",True,16,8165b373b12caadbb761a2e98e2422b0f05ef855+dirty,4701.679,Outdoor Movie,0.6372268619151127,8741,5570,0.23348482590771366,1566.9166666666663,6711,-0.39044294580097727,341339,33289,1706163,8819,5570,0.6315908833201043,6711,6051,22,0.8987078568245953,0.23233093955715134,0.23348482590771366
10000,20260901,four-galaxybrain,"Galaxybrain,Galaxybrain,Galaxybrain,Galaxybrain",True,16,8165b373b12caadbb761a2e98e2422b0f05ef855+dirty,4701.679,Paddleboard,0.4068592905802208,12771,5196,0.24470074812967577,1569.9999999999998,6416,0.012006815975780682,328484,33584,1719018,12873,5196,0.40363551619669075,6416,5727,28,0.888733705772812,0.24602258147292788,0.24470074812967577
10000,20260901,four-galaxybrain,"Galaxybrain,Galaxybrain,Galaxybrain,Galaxybrain",True,16,8165b373b12caadbb761a2e98e2422b0f05ef855+dirty,4701.679,Paddleboat,0.1091672349130583,46928,5123,0.2958229426433915,1897.9999999999998,6416,0.9852986340722794,333727,33584,1713775,47329,5123,0.10824230387288977,6416,2566,15,0.3990048204011818,0.3013859066952957,0.2958229426433915
10000,20260901,four-galaxybrain,"Galaxybrain,Galaxybrain,Galaxybrain,Galaxybrain",True,16,8165b373b12caadbb761a2e98e2422b0f05ef855+dirty,4701.679,Paint,0.7909485778338238,7137,5645,0.2530818902260052,1724.4999999999995,6814,0.2853294213785702,350405,33186,1697097,7238,5712,0.7891682785299806,6814,6495,34,0.9484521028037384,0.2528157096171802,0.2530818902260052
10000,20260901,four-galaxybrain,"Galaxybrain,Galaxybrain,Galaxybrain,Galaxybrain",True,16,8165b373b12caadbb761a2e98e2422b0f05ef855+dirty,4701.679,Paint Rocks,0.6385780885780886,8580,5479,0.23102606268998843,1545.3333333333326,6689,-0.5688108147124495,339225,33311,1708277,8680,5527,0.6367511520737327,6689,5878,31,0.874702380952381,0.2300524696942283,0.23102606268998843
10000,20260901,four-galaxybrain,"Galaxybrain,Galaxybrain,Galaxybrain,Galaxybrain",True,16,8165b373b12caadbb761a2e98e2422b0f05ef855+dirty,4701.679,Photo Shoot,0.16911133030004136,31429,5315,0.22978074257937733,1481.1666666666663,6446,-0.9429874509986789,324856,33554,1722646,31684,5315,0.16775028405504355,6446,281,39,0.0433307632999229,0.23305111320163058,0.22978074257937733
10000,20260901,four-galaxybrain,"Galaxybrain,Galaxybrain,Galaxybrain,Galaxybrain",True,16,8165b373b12caadbb761a2e98e2422b0f05ef855+dirty,4701.679,Play With the Kids,0.41775477091864327,12943,5407,0.2358726752503576,1538.833333333333,6524,-0.25523674674844443,332554,33476,1714948,13041,5407,0.4146154436009509,6524,5218,35,0.7955481018447934,0.2362369767585229,0.2358726752503576
10000,20260901,four-galaxybrain,"Galaxybrain,Galaxybrain,Galaxybrain,Galaxybrain",True,16,8165b373b12caadbb761a2e98e2422b0f05ef855+dirty,4701.679,Ponyback,0.7867880292373466,7251,5705,0.23118001085294262,1562.0833333333333,6757,-0.6575063382548123,342182,33243,1705320,7308,5705,0.7806513409961686,6757,4515,31,0.665144372421921,0.23311422728600645,0.23118001085294262
10000,20260901,four-galaxybrain,"Galaxybrain,Galaxybrain,Galaxybrain,Galaxybrain",True,16,8165b373b12caadbb761a2e98e2422b0f05ef855+dirty,4701.679,Prime Picnic Table,0.09486617422218947,54287,5150,0.23876702167117042,1502.083333333333,6291,-0.11145294769247727,321430,33709,1726072,54731,5150,0.09409658146205989,6291,1228,23,0.19448843839087743,0.23792880258899676,0.23876702167117042
10000,20260901,four-galaxybrain,"Galaxybrain,Galaxybrain,Galaxybrain,Galaxybrain",True,16,8165b373b12caadbb761a2e98e2422b0f05ef855+dirty,4701.679,Pudding Chômeur,0.34078139291781,15306,5216,0.2581841823466421,1687.7499999999993,6537,-0.16603870786605057,333705,33463,1713797,15548,5428,0.34911242603550297,6537,5574,114,0.8380694632386108,0.2648305084745762,0.2581841823466421
10000,20260901,four-galaxybrain,"Galaxybrain,Galaxybrain,Galaxybrain,Galaxybrain",True,16,8165b373b12caadbb761a2e98e2422b0f05ef855+dirty,4701.679,Puerto Rico,0.5831620065789473,9728,5673,0.27998511904761897,1881.4999999999993,6720,1.0095910599816804,349625,33280,1697877,9792,5673,0.5793504901960784,6720,6420,34,0.9505478235119929,0.28136200716845866,0.27998511904761897
10000,20260901,four-galaxybrain,"Galaxybrain,Galaxybrain,Galaxybrain,Galaxybrain",True,16,8165b373b12caadbb761a2e98e2422b0f05ef855+dirty,4701.679,Risk,0.5610319213009436,9962,5589,0.28585677239178126,1910.666666666666,6684,1.3305690592860486,349545,33316,1697957,10048,5589,0.5562300955414012,6684,6131,37,0.9122154441303377,0.28290690045923533,0.28585677239178126
10000,20260901,four-galaxybrain,"Galaxybrain,Galaxybrain,Galaxybrain,Galaxybrain",True,16,8165b373b12caadbb761a2e98e2422b0f05ef855+dirty,4701.679,Rouladen,0.0832386512611652,57209,4762,0.24867412308338577,1578.5833333333328,6348,-0.25288813611065564,323588,33652,1723914,57883,5181,0.08950814574227321,6348,575,100,0.08917493796526055,0.24954963649231166,0.24867412308338577
10000,20260901,four-galaxybrain,"Galaxybrain,Galaxybrain,Galaxybrain,Galaxybrain",True,16,8165b373b12caadbb761a2e98e2422b0f05ef855+dirty,4701.679,San Juan,0.5450541032270421,10443,5692,0.25145635860979454,1697.8333333333328,6752,0.3156770431831575,347390,33248,1700112,10511,5692,0.5415279231281515,6752,6465,28,0.9535398230088495,0.24765753103771374,0.25145635860979454
10000,20260901,four-galaxybrain,"Galaxybrain,Galaxybrain,Galaxybrain,Galaxybrain",True,16,8165b373b12caadbb761a2e98e2422b0f05ef855+dirty,4701.679,Schwank,0.12128039969630917,40831,4952,0.2242699289660615,1420.7499999999995,6335,-0.8626018159564879,319674,33665,1727828,41236,5236,0.12697642836356582,6335,935,103,0.1452314383348866,0.22595174433409726,0.2242699289660615
10000,20260901,four-galaxybrain,"Galaxybrain,Galaxybrain,Galaxybrain,Galaxybrain",True,16,8165b373b12caadbb761a2e98e2422b0f05ef855+dirty,4701.679,Scout the Other Cottages,0.32099853157121877,17025,5465,0.2400316536478276,1567.1666666666665,6529,-0.3350562147697431,332373,33471,1715129,17152,5465,0.3186217350746269,6529,2038,27,0.3108602806589384,0.23938700823421766,0.2400316536478276
10000,20260901,four-galaxybrain,"Galaxybrain,Galaxybrain,Galaxybrain,Galaxybrain",True,16,8165b373b12caadbb761a2e98e2422b0f05ef855+dirty,4701.679,Scrabble,0.3972215861384627,13101,5204,0.2355670913953122,1497.4999999999998,6357,-0.03726688174924675,325200,33643,1722302,13193,5204,0.3944516031228682,6357,5579,22,0.8745884934942781,0.23734947476300283,0.2355670913953122
10000,20260901,four-galaxybrain,"Galaxybrain,Galaxybrain,Galaxybrain,Galaxybrain",True,16,8165b373b12caadbb761a2e98e2422b0f05ef855+dirty,4701.679,Screamer Battle,0.5413735011396293,10091,5463,0.2901437986818453,1936.9999999999993,6676,1.3035254784461259,348978,33324,1698524,10188,5463,0.5362190812720848,6676,6136,30,0.9150014912019088,0.2855878943193605,0.2901437986818453
10000,20260901,four-galaxybrain,"Galaxybrain,Galaxybrain,Galaxybrain,Galaxybrain",True,16,8165b373b12caadbb761a2e98e2422b0f05ef855+dirty,4701.679,Settlers (Cities and Knights),0.5397775876817793,10521,5679,0.2587485829759968,1749.9166666666663,6763,0.610654221425925,349613,33237,1697889,10603,5679,0.535603131189286,6763,6475,27,0.9536082474226805,0.2573076245817925,0.2587485829759968
10000,20260901,four-galaxybrain,"Galaxybrain,Galaxybrain,Galaxybrain,Galaxybrain",True,16,8165b373b12caadbb761a2e98e2422b0f05ef855+dirty,4701.679,Shady Spot,0.12950022785963847,39498,5115,0.25985253988245166,1650.5833333333328,6352,0.1309456863231233,325843,33648,1721659,39851,5223,0.13106321045895963,6352,2920,30,0.4575368223127546,0.2642478779756206,0.25985253988245166
10000,20260901,four-galaxybrain,"Galaxybrain,Galaxybrain,Galaxybrain,Galaxybrain",True,16,8165b373b12caadbb761a2e98e2422b0f05ef855+dirty,4701.679,Sing Song,0.5792114695340502,9765,5656,0.24130022933492862,1613.3333333333328,6686,-0.08224201086585481,341782,33314,1705720,9858,5656,0.5737472103875025,6686,6133,29,0.9133283693224125,0.23956859971711453,0.24130022933492862
10000,20260901,four-galaxybrain,"Galaxybrain,Galaxybrain,Galaxybrain,Galaxybrain",True,16,8165b373b12caadbb761a2e98e2422b0f05ef855+dirty,4701.679,Ski Boat,0.13995698473482662,38126,5336,0.23216687357748808,1496.0833333333333,6444,-0.4313036587846426,327521,33556,1719981,38434,5336,0.13883540615080397,6444,2476,25,0.382748492811872,0.23243065967016488,0.23216687357748808
10000,20260901,four-galaxybrain,"Galaxybrain,Galaxybrain,Galaxybrain,Galaxybrain",True,16,8165b373b12caadbb761a2e98e2422b0f05ef855+dirty,4701.679,Ski on Cousin's Shoulders,0.40688229212819377,13542,5510,0.2286890939763818,1536.3333333333328,6718,0.07460833535981948,344295,33282,1703207,13640,5510,0.4039589442815249,6718,5784,19,0.8585423779130177,0.22199032062915905,0.2286890939763818
10000,20260901,four-galaxybrain,"Galaxybrain,Galaxybrain,Galaxybrain,Galaxybrain",True,16,8165b373b12caadbb761a2e98e2422b0f05ef855+dirty,4701.679,Slalom Start,0.22788307931436466,23161,5278,0.21918409501678282,1414.833333333333,6455,-0.9529514384587401,325257,33545,1722245,23341,5278,0.22612570155520328,6455,3515,21,0.5427733168622606,0.21676455728179864,0.21918409501678282
10000,20260901,four-galaxybrain,"Galaxybrain,Galaxybrain,Galaxybrain,Galaxybrain",True,16,8165b373b12caadbb761a2e98e2422b0f05ef855+dirty,4701.679,Sleep In,0.5823351734194355,9601,5591,0.24463454900195103,1629.9999999999998,6663,-0.2727562462501041,339548,33337,1707954,9697,5628,0.5803856862947303,6663,1852,27,0.27683109118086696,0.2476457000710732,0.24463454900195103
10000,20260901,four-galaxybrain,"Galaxybrain,Galaxybrain,Galaxybrain,Galaxybrain",True,16,8165b373b12caadbb761a2e98e2422b0f05ef855+dirty,4701.679,Solo,0.6713793513128193,8417,5651,0.2491909385113268,1668.3333333333328,6695,0.23954989074544386,344036,33305,1703466,8471,5651,0.6670995159957502,6695,6194,25,0.9217261904761904,0.24473544505397266,0.2491909385113268
10000,20260901,four-galaxybrain,"Galaxybrain,Galaxybrain,Galaxybrain,Galaxybrain",True,16,8165b373b12caadbb761a2e98e2422b0f05ef855+dirty,4701.679,Spikeball,0.4975346968590212,10952,5449,0.27572480096139396,1835.4999999999995,6657,1.0038512265422312,346326,33343,1701176,11057,5449,0.4928099846251244,6657,6065,38,0.905899925317401,0.2694989906404844,0.27572480096139396
10000,20260901,four-galaxybrain,"Galaxybrain,Galaxybrain,Galaxybrain,Galaxybrain",True,16,8165b373b12caadbb761a2e98e2422b0f05ef855+dirty,4701.679,Splendor,0.5643112346169115,10076,5686,0.2538026618633042,1690.8333333333326,6662,0.04026009159678523,341235,33338,1706267,10145,5686,0.5604731394775752,6662,6312,37,0.942230183609494,0.2609039746746394,0.2538026618633042
10000,20260901,four-galaxybrain,"Galaxybrain,Galaxybrain,Galaxybrain,Galaxybrain",True,16,8165b373b12caadbb761a2e98e2422b0f05ef855+dirty,4701.679,Stay Up Late,0.8668387488612208,6586,5709,0.23915422885572132,1602.3333333333328,6700,-0.580267132804444,339720,33300,1707782,6634,5709,0.8605667772083208,6700,5823,37,0.8643313047350453,0.24481812343084014,0.23915422885572132
10000,20260901,four-galaxybrain,"Galaxybrain,Galaxybrain,Galaxybrain,Galaxybrain",True,16,8165b373b12caadbb761a2e98e2422b0f05ef855+dirty,4701.679,Steak,0.3494936295328324,15305,5349,0.21490898149541143,1428.4999999999998,6647,-0.922995949916249,335128,33353,1712374,15578,5595,0.3591603543458724,6647,5226,92,0.7754859771479448,0.21605600238308012,0.21490898149541143
10000,20260901,four-galaxybrain,"Galaxybrain,Galaxybrain,Galaxybrain,Galaxybrain",True,16,8165b373b12caadbb761a2e98e2422b0f05ef855+dirty,4701.679,Stretch,0.32599599781699107,16491,5376,0.23096297432750326,1505.4166666666663,6518,-0.47846455682159217,331030,33482,1716472,16622,5376,0.3234267837805318,6518,3620,28,0.5530094714329361,0.23237537202380948,0.23096297432750326
10000,20260901,four-galaxybrain,"Galaxybrain,Galaxybrain,Galaxybrain,Galaxybrain",True,16,8165b373b12caadbb761a2e98e2422b0f05ef855+dirty,4701.679,Sunrise,0.8468194929406406,6587,5578,0.2672448466566113,1771.833333333333,6630,0.674831169876029,343106,33370,1704396,6671,5625,0.8432019187528107,6630,6297,35,0.9447861965491373,0.27099259259259256,0.2672448466566113
10000,20260901,four-galaxybrain,"Galaxybrain,Galaxybrain,Galaxybrain,Galaxybrain",True,16,8165b373b12caadbb761a2e98e2422b0f05ef855+dirty,4701.679,Sunscreen,0.12462181241895981,41646,5190,0.2393762490796255,1517.1666666666665,6338,-0.48571734012200807,321836,33662,1725666,41968,5190,0.12366565001906214,6338,1043,25,0.1639163916391639,0.24315992292870897,0.2393762490796255
10000,20260901,four-galaxybrain,"Galaxybrain,Galaxybrain,Galaxybrain,Galaxybrain",True,16,8165b373b12caadbb761a2e98e2422b0f05ef855+dirty,4701.679,Sweet Lawn Chair,0.09236157498510589,55391,5116,0.24999999999999997,1582.2499999999998,6329,-0.2550877481236711,322607,33671,1724895,55830,5116,0.09163532151173204,6329,1022,26,0.16081825334382377,0.25395817044566066,0.24999999999999997
10000,20260901,four-galaxybrain,"Galaxybrain,Galaxybrain,Galaxybrain,Galaxybrain",True,16,8165b373b12caadbb761a2e98e2422b0f05ef855+dirty,4701.679,Tanning,0.9056974459724951,6108,5532,0.2514490617938893,1706.333333333333,6786,0.20094674567134518,348491,33214,1699011,6231,5612,0.9006580003209758,6786,6448,24,0.9468428781204111,0.2543804941791399,0.2514490617938893
10000,20260901,four-galaxybrain,"Galaxybrain,Galaxybrain,Galaxybrain,Galaxybrain",True,16,8165b373b12caadbb761a2e98e2422b0f05ef855+dirty,4701.679,Teach Kid to Ski,0.6134003350083752,8955,5493,0.2032944856465365,1343.1666666666665,6607,-1.6473269650715565,329110,33393,1718392,9029,5493,0.6083730202680252,6607,1610,28,0.2426525998492841,0.2052915832271376,0.2032944856465365
10000,20260901,four-galaxybrain,"Galaxybrain,Galaxybrain,Galaxybrain,Galaxybrain",True,16,8165b373b12caadbb761a2e98e2422b0f05ef855+dirty,4701.679,Tell a Story,0.36965006729475103,14860,5493,0.2382074276739119,1567.1666666666663,6579,-0.28923319722026264,335173,33421,1712329,14982,5493,0.36663996796155385,6579,5444,38,0.8227293335348346,0.23749924145882634,0.2382074276739119
10000,20260901,four-galaxybrain,"Galaxybrain,Galaxybrain,Galaxybrain,Galaxybrain",True,16,8165b373b12caadbb761a2e98e2422b0f05ef855+dirty,4701.679,Terra Mystica,0.4991967154587647,11204,5593,0.2707767381024247,1794.166666666666,6626,0.901217514330682,344151,33374,1703351,11292,5593,0.4953064116188452,6626,6039,31,0.9071653898152321,0.26670242565111146,0.2707767381024247
10000,20260901,four-galaxybrain,"Galaxybrain,Galaxybrain,Galaxybrain,Galaxybrain",True,16,8165b373b12caadbb761a2e98e2422b0f05ef855+dirty,4701.679,The Crew,0.6286159323542501,8988,5650,0.22640117994100292,1509.4166666666665,6667,-0.4648126607259826,338685,33333,1708817,9048,5650,0.624447391688771,6667,5944,32,0.8872966114345424,0.22853982300884956,0.22640117994100292
10000,20260901,four-galaxybrain,"Galaxybrain,Galaxybrain,Galaxybrain,Galaxybrain",True,16,8165b373b12caadbb761a2e98e2422b0f05ef855+dirty,4701.679,Thriller Book,0.5634351301496209,9758,5498,0.24881743156199673,1648.1666666666663,6624,0.08027203440465769,339510,33376,1707992,9912,5598,0.5647699757869249,6624,6246,24,0.9395306859205776,0.24721626771465996,0.24881743156199673
10000,20260901,four-galaxybrain,"Galaxybrain,Galaxybrain,Galaxybrain,Galaxybrain",True,16,8165b373b12caadbb761a2e98e2422b0f05ef855+dirty,4701.679,Throw a Baseball,0.37800350262697024,14275,5396,0.23418390457496596,1550.9999999999995,6623,-0.35975405511848635,337027,33377,1710475,14382,5396,0.37519121123626753,6623,5225,20,0.7865422248983893,0.23214726958240664,0.23418390457496596
10000,20260901,four-galaxybrain,"Galaxybrain,Galaxybrain,Galaxybrain,Galaxybrain",True,16,8165b373b12caadbb761a2e98e2422b0f05ef855+dirty,4701.679,Treat Cereal,0.13017487742848902,38141,4965,0.26463370531101466,1707.4166666666665,6452,0.20363479157030895,331364,33548,1716138,38644,5326,0.13782217161784494,6452,3973,104,0.6060097620500305,0.2649737138565528,0.26463370531101466
10000,20260901,four-galaxybrain,"Galaxybrain,Galaxybrain,Galaxybrain,Galaxybrain",True,16,8165b373b12caadbb761a2e98e2422b0f05ef855+dirty,4701.679,Treat Store Run,0.3141478342749529,16992,5338,0.24853327157634697,1609.7499999999993,6477,-0.20057458977823472,330453,33523,1717049,17080,5382,0.3151053864168618,6477,3737,91,0.5689707673568819,0.24769292704075307,0.24853327157634697
10000,20260901,four-galaxybrain,"Galaxybrain,Galaxybrain,Galaxybrain,Galaxybrain",True,16,8165b373b12caadbb761a2e98e2422b0f05ef855+dirty,4701.679,Trekking Through History,0.12149923366309043,43062,5232,0.22066467160182707,1401.0,6349,-0.7744911953019056,320853,33651,1726649,43366,5232,0.12064751187566296,6349,2374,28,0.3722753645915007,0.22035869011213044,0.22066467160182707
10000,20260901,four-galaxybrain,"Galaxybrain,Galaxybrain,Galaxybrain,Galaxybrain",True,16,8165b373b12caadbb761a2e98e2422b0f05ef855+dirty,4701.679,Tres Fute,0.5454105344694036,10328,5633,0.2364740431038773,1583.6666666666663,6697,-0.3771726761423082,340700,33303,1706802,10391,5633,0.5421037436242903,6697,6358,26,0.9457087609698052,0.2379726611042073,0.2364740431038773
10000,20260901,four-galaxybrain,"Galaxybrain,Galaxybrain,Galaxybrain,Galaxybrain",True,16,8165b373b12caadbb761a2e98e2422b0f05ef855+dirty,4701.679,Wakeboard,0.18681396003377426,28424,5310,0.3123930333232658,2068.666666666666,6622,1.727925093814335,348512,33378,1698990,28690,5310,0.18508191007319624,6622,4971,50,0.7450539568345323,0.3125235404896421,0.3123930333232658
10000,20260901,four-galaxybrain,"Galaxybrain,Galaxybrain,Galaxybrain,Galaxybrain",True,16,8165b373b12caadbb761a2e98e2422b0f05ef855+dirty,4701.679,Wakesurf,0.18412675956709346,28274,5206,0.20973579442634815,1352.1666666666665,6447,-1.2271175484964019,323370,33553,1724132,28520,5206,0.18253856942496494,6447,3149,27,0.4864071671300587,0.2142079651683954,0.20973579442634815
10000,20260901,four-galaxybrain,"Galaxybrain,Galaxybrain,Galaxybrain,Galaxybrain",True,16,8165b373b12caadbb761a2e98e2422b0f05ef855+dirty,4701.679,Water Trampoline,0.1700907631311642,30519,5191,0.21534589236597643,1383.1666666666665,6423,-0.8703558027716056,324085,33577,1723417,30763,5191,0.16874167018821312,6423,3635,36,0.5627806161944573,0.21553329480511135,0.21534589236597643
10000,20260901,four-galaxybrain,"Galaxybrain,Galaxybrain,Galaxybrain,Galaxybrain",True,16,8165b373b12caadbb761a2e98e2422b0f05ef855+dirty,4701.679,Water Volleyball,0.2604171707883657,20663,5381,0.23882532418001515,1565.4999999999993,6555,-0.02178336440201889,335415,33445,1712087,20825,5381,0.258391356542617,6555,5168,32,0.784575679368453,0.24190051415474192,0.23882532418001515
10000,20260901,four-galaxybrain,"Galaxybrain,Galaxybrain,Galaxybrain,Galaxybrain",True,16,8165b373b12caadbb761a2e98e2422b0f05ef855+dirty,4701.679,Waterski,0.5051203985607529,10839,5475,0.26250628456510805,1740.4166666666663,6630,0.6137219194632522,342768,33370,1704734,10933,5475,0.5007774627275222,6630,6087,34,0.9134153661464586,0.2587975646879756,0.26250628456510805
10000,20260901,four-galaxybrain,"Galaxybrain,Galaxybrain,Galaxybrain,Galaxybrain",True,16,8165b373b12caadbb761a2e98e2422b0f05ef855+dirty,4701.679,Wedding Anniversary,0.6339891074802712,8997,5704,0.27462375204887496,1842.9999999999998,6711,0.7040838521760548,347452,33289,1700050,9030,5704,0.631672203765227,6895,6295,35,0.9083694083694084,0.2802127162225338,0.27462375204887496
10000,20260901,four-galaxybrain,"Galaxybrain,Galaxybrain,Galaxybrain,Galaxybrain",True,16,8165b373b12caadbb761a2e98e2422b0f05ef855+dirty,4701.679,Weird Chip Flavor,0.09183369900710275,53782,4939,0.27106918238993705,1723.9999999999998,6360,0.45771019825156145,328001,33640,1719501,54405,5276,0.0969763808473486,6360,3215,96,0.49798636926889717,0.2751769016932018,0.27106918238993705
10000,20260901,four-galaxybrain,"Galaxybrain,Galaxybrain,Galaxybrain,Galaxybrain",True,16,8165b373b12caadbb761a2e98e2422b0f05ef855+dirty,4701.679,Wildlife Spotting,0.8730553827006845,6428,5612,0.24293847973972194,1642.7499999999998,6762,-0.05841250786477303,345802,33238,1701700,6522,5670,0.8693652253909844,6762,6015,44,0.8837790185130767,0.2437536743092298,0.24293847973972194
10000,20260901,four-galaxybrain,"Galaxybrain,Galaxybrain,Galaxybrain,Galaxybrain",True,16,8165b373b12caadbb761a2e98e2422b0f05ef855+dirty,4701.679,Wingspan,0.1670516492654532,32469,5424,0.20635709914320682,1348.7499999999998,6536,-0.8437841897217027,329948,33464,1717554,32729,5424,0.16572458675792112,6536,4325,35,0.6581950996804139,0.20496865781710916,0.20635709914320682
10000,20260901,four-galaxybrain,"Galaxybrain,Galaxybrain,Galaxybrain,Galaxybrain",True,16,8165b373b12caadbb761a2e98e2422b0f05ef855+dirty,4701.679,Work Call,0.09266616557500268,55878,5178,0.26663261564251656,1696.5833333333328,6363,0.47686637439199586,328258,33637,1719244,56317,5178,0.09194381803007973,6363,2047,23,0.3205449420607579,0.2721610660486674,0.26663261564251656
10000,20260901,four-galaxybrain,"Galaxybrain,Galaxybrain,Galaxybrain,Galaxybrain",True,16,8165b373b12caadbb761a2e98e2422b0f05ef855+dirty,4701.679,Wrestle the Kids,0.5425325305884637,10298,5587,0.29135701545778825,1960.2499999999993,6728,1.1675758544354196,350924,33272,1696578,10362,5587,0.5391816251688863,6728,6280,38,0.9281702630801064,0.2942396038422528,0.29135701545778825
10000,20260901,four-galaxybrain,"Galaxybrain,Galaxybrain,Galaxybrain,Galaxybrain",True,16,8165b373b12caadbb761a2e98e2422b0f05ef855+dirty,4701.679,Würstchen,0.09201540538394345,50372,4635,0.3417598509052183,2139.4166666666665,6260,1.995325463845873,330970,33740,1716532,51084,5126,0.10034453057708871,6260,3812,105,0.5989002356637864,0.3531831187410586,0.3417598509052183
10000,20260901,four-galaxybrain,"Galaxybrain,Galaxybrain,Galaxybrain,Galaxybrain",True,16,8165b373b12caadbb761a2e98e2422b0f05ef855+dirty,4701.679,Zero Gravity Chair,0.3215807600256844,17131,5509,0.2181060606060605,1439.4999999999993,6600,-0.8970840137906038,332894,33400,1714608,17252,5509,0.31932529561789935,6600,1886,45,0.2838224228743416,0.2196254613662491,0.2181060606060605
10000,20260901,four-galaxybrain,"Galaxybrain,Galaxybrain,Galaxybrain,Galaxybrain",True,16,8165b373b12caadbb761a2e98e2422b0f05ef855+dirty,4701.679,Zumba,0.3336214881136153,16195,5403,0.2808307926829267,1842.2499999999993,6560,0.4118537752363167,338049,33440,1709453,16323,5403,0.33100532990259146,6560,3836,27,0.5823591923485654,0.274955271762601,0.2808307926829267
