run_games,seed,run_mode,competitors,rotate_seats,daily_conditions,characters,workers,code_revision,elapsed_seconds,card,free_pick_rate,free_pick_offers,free_picks,win_rate,win_credit_when_acquired,player_games_with_card,fun_added,fun_total_with_card,player_games_without_card,fun_total_without_card,offers,picks,pick_rate,acquisitions,plays,plays_without_acquisition,play_rate,win_rate_when_picked,win_rate_when_acquired
10000,20260909,four-galaxybrain,"Galaxybrain,Galaxybrain,Galaxybrain,Galaxybrain",True,False,True,16,0302e29ba5a746d90d56d5ae7e005d57837af024,4586.341,5 10 15,0.3358495313581179,15897,5339,0.23468433359314098,1505.4999999999993,6415,-0.17681561111503896,359247,33585,1886735,16059,5339,0.3324615480415966,6447,4816,34,0.7430952013578151,0.23228444777423987,0.23468433359314098
10000,20260909,four-galaxybrain,"Galaxybrain,Galaxybrain,Galaxybrain,Galaxybrain",True,False,True,16,0302e29ba5a746d90d56d5ae7e005d57837af024,4586.341,7 Wonders,0.5425769492183707,10299,5588,0.24725728884881268,1645.2499999999995,6654,0.09011801845325351,374119,33346,1871863,10375,5588,0.5386024096385542,6682,6242,39,0.9287308436244607,0.24916487711763302,0.24725728884881268
10000,20260909,four-galaxybrain,"Galaxybrain,Galaxybrain,Galaxybrain,Galaxybrain",True,False,True,16,0302e29ba5a746d90d56d5ae7e005d57837af024,4586.341,Address the Food,0.15240734326290267,34644,5280,0.2540330947193691,1632.4166666666658,6426,0.34169573920922147,362660,33574,1883322,34843,5280,0.151536894067675,6447,4214,34,0.6502083011880883,0.2604797979797979,0.2540330947193691
10000,20260909,four-galaxybrain,"Galaxybrain,Galaxybrain,Galaxybrain,Galaxybrain",True,False,True,16,0302e29ba5a746d90d56d5ae7e005d57837af024,4586.341,Adventure Race,0.1006346150067784,50897,5122,0.340997641751256,2217.1666666666665,6502,1.9936504562570079,375940,33498,1870042,51339,5122,0.09976820740567599,6557,1841,48,0.27872823618470854,0.35199466354288683,0.340997641751256
10000,20260909,four-galaxybrain,"Galaxybrain,Galaxybrain,Galaxybrain,Galaxybrain",True,False,True,16,0302e29ba5a746d90d56d5ae7e005d57837af024,4586.341,After Dinner Entertainment,0.13197172034564023,39463,5208,0.26331929933988246,1688.666666666666,6413,0.3325887594037127,361878,33587,1884104,39809,5208,0.1308246878846492,6440,4320,34,0.6672845227062094,0.2604486687147977,0.26331929933988246
10000,20260909,four-galaxybrain,"Galaxybrain,Galaxybrain,Galaxybrain,Galaxybrain",True,False,True,16,0302e29ba5a746d90d56d5ae7e005d57837af024,4586.341,Afternoon Coffee,0.09319479695431472,50432,4700,0.3002990119604783,1924.9166666666658,6410,1.2061357500444672,366411,33590,1879571,51200,5294,0.1033984375,6435,5394,75,0.8285714285714286,0.3068725601309658,0.3002990119604783
10000,20260909,four-galaxybrain,"Galaxybrain,Galaxybrain,Galaxybrain,Galaxybrain",True,False,True,16,0302e29ba5a746d90d56d5ae7e005d57837af024,4586.341,Agricola,0.46485473289597,11737,5456,0.26315397227604703,1765.4999999999995,6709,0.5159037982112693,379588,33291,1866394,11856,5456,0.4601889338731444,6760,6133,31,0.9031070534530997,0.26102761485826004,0.26315397227604703
10000,20260909,four-galaxybrain,"Galaxybrain,Galaxybrain,Galaxybrain,Galaxybrain",True,False,True,16,0302e29ba5a746d90d56d5ae7e005d57837af024,4586.341,Assorted Cutlery,0.22950958405619262,23633,5424,0.24100313157759626,1564.8333333333326,6493,-0.37102763905458147,362561,33507,1883421,23851,5424,0.2274118485598088,6515,4596,0,0.7054489639293937,0.24055125368731559,0.24100313157759626
10000,20260909,four-galaxybrain,"Galaxybrain,Galaxybrain,Galaxybrain,Galaxybrain",True,False,True,16,0302e29ba5a746d90d56d5ae7e005d57837af024,4586.341,Aunterview,0.7493518897530359,7329,5492,0.26654495664080324,1751.9999999999995,6573,0.3524569442295231,371007,33427,1874975,7387,5492,0.7434682550426425,6595,5172,41,0.779385171790235,0.26605365379946583,0.26654495664080324
10000,20260909,four-galaxybrain,"Galaxybrain,Galaxybrain,Galaxybrain,Galaxybrain",True,False,True,16,0302e29ba5a746d90d56d5ae7e005d57837af024,4586.341,Azul,0.5481217167211815,10089,5530,0.2516408637707299,1674.1666666666663,6653,0.29749603654534695,375213,33347,1870769,10170,5530,0.543756145526057,6679,6157,39,0.9164930038701995,0.24951778179626274,0.2516408637707299
10000,20260909,four-galaxybrain,"Galaxybrain,Galaxybrain,Galaxybrain,Galaxybrain",True,False,True,16,0302e29ba5a746d90d56d5ae7e005d57837af024,4586.341,Beach Conversation,0.611330265176419,9126,5579,0.2499379775726902,1679.0833333333328,6718,-0.11694286068661341,376559,33282,1869423,9190,5579,0.6070729053318825,6746,6242,27,0.9216004724641961,0.2517924359204158,0.2499379775726902
10000,20260909,four-galaxybrain,"Galaxybrain,Galaxybrain,Galaxybrain,Galaxybrain",True,False,True,16,0302e29ba5a746d90d56d5ae7e005d57837af024,4586.341,Beach Volleyball,0.5353215099573962,10093,5403,0.23246740170165625,1539.166666666666,6621,-0.2212049781785339,370544,33379,1875438,10223,5403,0.5285141347940917,6670,5792,26,0.8649940262843488,0.23073601085816522,0.23246740170165625
10000,20260909,four-galaxybrain,"Galaxybrain,Galaxybrain,Galaxybrain,Galaxybrain",True,False,True,16,0302e29ba5a746d90d56d5ae7e005d57837af024,4586.341,Beaver Burger,0.7610106309540245,7243,5512,0.27062741727546186,1889.2499999999993,6981,0.6720861956873847,395853,33019,1850129,7435,5688,0.765030262273033,7082,6699,86,0.9345703125,0.2709358884200656,0.27062741727546186
10000,20260909,four-galaxybrain,"Galaxybrain,Galaxybrain,Galaxybrain,Galaxybrain",True,False,True,16,0302e29ba5a746d90d56d5ae7e005d57837af024,4586.341,Bend the Rules,0.32012886290418807,16762,5366,0.21933549516162232,1420.416666666666,6476,-0.9375315382546674,358536,33524,1887446,16906,5366,0.3174021057612682,6490,3529,39,0.5405115637923112,0.21586532488507892,0.21933549516162232
10000,20260909,four-galaxybrain,"Galaxybrain,Galaxybrain,Galaxybrain,Galaxybrain",True,False,True,16,0302e29ba5a746d90d56d5ae7e005d57837af024,4586.341,Biography,0.5515865096787068,10022,5528,0.24552305626025955,1645.2499999999993,6701,0.12958258810783718,376981,33299,1869001,10159,5611,0.5523181415493651,6737,6384,31,0.9432624113475178,0.24973266797362315,0.24552305626025955
10000,20260909,four-galaxybrain,"Galaxybrain,Galaxybrain,Galaxybrain,Galaxybrain",True,False,True,16,0302e29ba5a746d90d56d5ae7e005d57837af024,4586.341,Boat Ride,0.31991078425462655,16589,5307,0.2182666463816623,1434.6666666666663,6573,-0.8356239915176573,364481,33427,1881501,16805,5419,0.3224635525141327,6602,4849,32,0.7309315646668677,0.21981300362920594,0.2182666463816623
10000,20260909,four-galaxybrain,"Galaxybrain,Galaxybrain,Galaxybrain,Galaxybrain",True,False,True,16,0302e29ba5a746d90d56d5ae7e005d57837af024,4586.341,Booby Prize,0.6047930283224401,9180,5552,0.24255501716131633,1601.833333333333,6604,-0.17549590658114766,369844,33396,1876138,9244,5552,0.6006057983556902,6632,5196,36,0.7792441511697661,0.2429604947166186,0.24255501716131633
10000,20260909,four-galaxybrain,"Galaxybrain,Galaxybrain,Galaxybrain,Galaxybrain",True,False,True,16,0302e29ba5a746d90d56d5ae7e005d57837af024,4586.341,Bougie Coffee Machine,0.1384222444573174,37978,5257,0.25864021916653485,1636.416666666666,6327,0.320263710513899,356964,33673,1889018,38337,5257,0.13712601403344027,6344,3388,32,0.5313676286072773,0.2543592670090672,0.25864021916653485
10000,20260909,four-galaxybrain,"Galaxybrain,Galaxybrain,Galaxybrain,Galaxybrain",True,False,True,16,0302e29ba5a746d90d56d5ae7e005d57837af024,4586.341,Bracelet Making,0.1938123528752382,26763,5187,0.25280812432681943,1642.9999999999995,6499,0.293781466789369,366515,33501,1879467,27093,5355,0.19765253017384565,6520,5002,23,0.7644811248662693,0.2534391534391534,0.25280812432681943
10000,20260909,four-galaxybrain,"Galaxybrain,Galaxybrain,Galaxybrain,Galaxybrain",True,False,True,16,0302e29ba5a746d90d56d5ae7e005d57837af024,4586.341,Bring a Friend,0.33411186232329443,16270,5436,0.24853313100657554,1637.8333333333328,6590,-0.21156823373009814,368861,33410,1877121,16388,5436,0.33170612643397607,6609,4370,39,0.6573405535499398,0.24908020603384837,0.24853313100657554
10000,20260909,four-galaxybrain,"Galaxybrain,Galaxybrain,Galaxybrain,Galaxybrain",True,False,True,16,0302e29ba5a746d90d56d5ae7e005d57837af024,4586.341,Bubly,0.6092348577123242,9031,5502,0.25930354207143913,1734.999999999999,6691,0.14256904925142067,376491,33309,1869491,9166,5613,0.6123718088588261,6719,5359,103,0.7855467604807974,0.25549320030880684,0.25930354207143913
10000,20260909,four-galaxybrain,"Galaxybrain,Galaxybrain,Galaxybrain,Galaxybrain",True,False,True,16,0302e29ba5a746d90d56d5ae7e005d57837af024,4586.341,Bug Spray,0.12368136489246666,41615,5147,0.2237444725205306,1416.7499999999998,6332,-0.743004655244917,351579,33668,1894403,41968,5147,0.12264105985512772,6342,1864,32,0.2924380294948227,0.22569781749886667,0.2237444725205306
10000,20260909,four-galaxybrain,"Galaxybrain,Galaxybrain,Galaxybrain,Galaxybrain",True,False,True,16,0302e29ba5a746d90d56d5ae7e005d57837af024,4586.341,Butter Tarts,0.09744536264105037,47678,4646,0.26329968984912994,1669.5833333333328,6341,0.42068788285399705,358289,33659,1887693,48381,5119,0.10580599822244269,6347,3029,128,0.4677992277992278,0.2700722797421371,0.26329968984912994
10000,20260909,four-galaxybrain,"Galaxybrain,Galaxybrain,Galaxybrain,Galaxybrain",True,False,True,16,0302e29ba5a746d90d56d5ae7e005d57837af024,4586.341,Calzones,0.7051584184341451,7638,5386,0.24451622596153835,1627.4999999999993,6656,-0.17615843699246625,372754,33344,1873228,7843,5578,0.7112074461303073,6692,6418,117,0.9425760023498311,0.24498027967013258,0.24451622596153835
10000,20260909,four-galaxybrain,"Galaxybrain,Galaxybrain,Galaxybrain,Galaxybrain",True,False,True,16,0302e29ba5a746d90d56d5ae7e005d57837af024,4586.341,Camp Crossroads Dessert,0.32381244253754216,16315,5283,0.23426662586699293,1531.1666666666658,6536,-0.7125907568402852,363097,33464,1882885,16502,5412,0.32796024724275846,6554,3519,111,0.5279819954988747,0.23478689332347863,0.23426662586699293
10000,20260909,four-galaxybrain,"Galaxybrain,Galaxybrain,Galaxybrain,Galaxybrain",True,False,True,16,0302e29ba5a746d90d56d5ae7e005d57837af024,4586.341,Campfire,0.21587710126276843,24866,5368,0.24663351185921953,1611.7499999999995,6535,-0.07559597889788705,366524,33465,1879458,25086,5368,0.2139838953998246,6563,4168,27,0.6324734446130501,0.25147478887232977,0.24663351185921953
10000,20260909,four-galaxybrain,"Galaxybrain,Galaxybrain,Galaxybrain,Galaxybrain",True,False,True,16,0302e29ba5a746d90d56d5ae7e005d57837af024,4586.341,Canoe,0.3224411059800082,17107,5516,0.22690102218898023,1516.8333333333328,6685,-0.7444169236984663,371215,33315,1874767,17251,5516,0.3197495797345081,6721,5145,24,0.7627872498146775,0.2269307469180565,0.22690102218898023
10000,20260909,four-galaxybrain,"Galaxybrain,Galaxybrain,Galaxybrain,Galaxybrain",True,False,True,16,0302e29ba5a746d90d56d5ae7e005d57837af024,4586.341,Carcassonne,0.3063264954318221,17403,5331,0.21685196623430097,1404.333333333333,6476,-0.8922071004011443,358782,33524,1887200,17552,5331,0.3037260711030082,6498,4412,23,0.6765833461125594,0.21615706871756393,0.21685196623430097
10000,20260909,four-galaxybrain,"Galaxybrain,Galaxybrain,Galaxybrain,Galaxybrain",True,False,True,16,0302e29ba5a746d90d56d5ae7e005d57837af024,4586.341,Chalk Art,0.5499244332493702,9925,5458,0.24745527840765924,1636.9166666666658,6615,-0.20834341691013947,370279,33385,1875703,10054,5539,0.550925004973145,6638,6354,44,0.9509129003292427,0.25252753204549555,0.24745527840765924
10000,20260909,four-galaxybrain,"Galaxybrain,Galaxybrain,Galaxybrain,Galaxybrain",True,False,True,16,0302e29ba5a746d90d56d5ae7e005d57837af024,4586.341,Charcuterie,0.5300679444275428,9861,5227,0.2454397228166717,1605.6666666666663,6542,-0.06859507776592721,366955,33458,1879027,10102,5456,0.5400910710750346,6574,6085,102,0.9114739364889155,0.24520405669599213,0.2454397228166717
10000,20260909,four-galaxybrain,"Galaxybrain,Galaxybrain,Galaxybrain,Galaxybrain",True,False,True,16,0302e29ba5a746d90d56d5ae7e005d57837af024,4586.341,Cheap Red,0.5416157916157917,9828,5323,0.2564705287635223,1691.1666666666658,6594,0.23640316702854847,371552,33406,1874430,10037,5514,0.549367340838896,6624,5952,114,0.8833481745325023,0.25559182686494974,0.2564705287635223
10000,20260909,four-galaxybrain,"Galaxybrain,Galaxybrain,Galaxybrain,Galaxybrain",True,False,True,16,0302e29ba5a746d90d56d5ae7e005d57837af024,4586.341,Cheap White,0.47702702702702704,11100,5295,0.25155786722950896,1668.583333333333,6633,0.055129276463787846,372745,33367,1873237,11325,5491,0.48485651214128034,6660,6239,116,0.9207497048406139,0.24790566381351295,0.25155786722950896
10000,20260909,four-galaxybrain,"Galaxybrain,Galaxybrain,Galaxybrain,Galaxybrain",True,False,True,16,0302e29ba5a746d90d56d5ae7e005d57837af024,4586.341,Cheesy Phone Game,0.6022677714784126,9172,5524,0.24705911798568347,1645.1666666666663,6659,-0.17401375968555044,372934,33341,1873048,9290,5597,0.6024757804090419,6695,6026,34,0.895526824193788,0.24388065034840084,0.24705911798568347
10000,20260909,four-galaxybrain,"Galaxybrain,Galaxybrain,Galaxybrain,Galaxybrain",True,False,True,16,0302e29ba5a746d90d56d5ae7e005d57837af024,4586.341,Christmas Name Draw,0.13404176968804252,38018,5096,0.24800828553218607,1556.4999999999998,6276,0.08909428533911523,352866,33724,1893116,38341,5096,0.13291254792519758,6294,4212,37,0.6652977412731006,0.24982012035583467,0.24800828553218607
10000,20260909,four-galaxybrain,"Galaxybrain,Galaxybrain,Galaxybrain,Galaxybrain",True,False,True,16,0302e29ba5a746d90d56d5ae7e005d57837af024,4586.341,Chuck a Frisbee,0.5985031917235307,9086,5438,0.2799196189342065,1880.4999999999993,6718,0.9680862264117707,382624,33282,1863358,9185,5438,0.5920522591181274,21817,15121,22,0.6923851824717249,0.27366065955620933,0.2799196189342065
10000,20260909,four-galaxybrain,"Galaxybrain,Galaxybrain,Galaxybrain,Galaxybrain",True,False,True,16,0302e29ba5a746d90d56d5ae7e005d57837af024,4586.341,Civilization the Board Game,0.11837444168188518,45449,5380,0.33429391217564863,2233.083333333333,6680,2.287562809554956,387808,33320,1858174,45837,5380,0.11737242838754718,6776,3197,73,0.4667834720397138,0.34124845105328366,0.33429391217564863
10000,20260909,four-galaxybrain,"Galaxybrain,Galaxybrain,Galaxybrain,Galaxybrain",True,False,True,16,0302e29ba5a746d90d56d5ae7e005d57837af024,4586.341,Classic Book,0.6073707370737074,9090,5521,0.23824818245194693,1594.8333333333328,6694,-0.3916724172740089,373682,33306,1872300,9209,5599,0.6079921815615159,6734,6094,36,0.9001477104874446,0.2369917247127463,0.23824818245194693
10000,20260909,four-galaxybrain,"Galaxybrain,Galaxybrain,Galaxybrain,Galaxybrain",True,False,True,16,0302e29ba5a746d90d56d5ae7e005d57837af024,4586.341,Cliff Climbing,0.20090162986937926,25953,5214,0.22889008953380674,1482.75,6478,-0.39654252208818264,361584,33522,1884398,26199,5214,0.1990152295889156,6493,4432,29,0.6795461514872738,0.2297819971870605,0.22889008953380674
10000,20260909,four-galaxybrain,"Galaxybrain,Galaxybrain,Galaxybrain,Galaxybrain",True,False,True,16,0302e29ba5a746d90d56d5ae7e005d57837af024,4586.341,Colouring,0.3341064376606281,15953,5330,0.2355547093170855,1546.4166666666663,6565,-0.2503491388583896,367248,33435,1878734,16188,5446,0.3364220410180381,6583,5120,42,0.7728301886792452,0.23082690659811478,0.2355547093170855
10000,20260909,four-galaxybrain,"Galaxybrain,Galaxybrain,Galaxybrain,Galaxybrain",True,False,True,16,0302e29ba5a746d90d56d5ae7e005d57837af024,4586.341,Couch Tube,0.12567034796875381,40837,5132,0.3048925397809463,1967.1666666666656,6452,1.5247934855636345,370528,33548,1875454,41175,5132,0.12463873709775349,6476,4446,31,0.6832641770401107,0.31163938685372816,0.3048925397809463
10000,20260909,four-galaxybrain,"Galaxybrain,Galaxybrain,Galaxybrain,Galaxybrain",True,False,True,16,0302e29ba5a746d90d56d5ae7e005d57837af024,4586.341,Date's First Nos,0.10128838829916538,49364,5000,0.23607557829655676,1476.416666666666,6254,-0.3576987821375823,349272,33746,1896710,49805,5000,0.10039152695512499,6259,858,26,0.13651551312649166,0.2331166666666667,0.23607557829655676
10000,20260909,four-galaxybrain,"Galaxybrain,Galaxybrain,Galaxybrain,Galaxybrain",True,False,True,16,0302e29ba5a746d90d56d5ae7e005d57837af024,4586.341,Decaf,0.9382568650861334,5863,5501,0.2616865375062095,1755.9166666666658,6710,0.4826876131220956,379459,33290,1866523,5982,5604,0.9368104312938816,6734,6218,98,0.9101288056206089,0.25718236973590286,0.2616865375062095
10000,20260909,four-galaxybrain,"Galaxybrain,Galaxybrain,Galaxybrain,Galaxybrain",True,False,True,16,0302e29ba5a746d90d56d5ae7e005d57837af024,4586.341,Dishwashing,0.752770083102493,7220,5435,0.2143548222833282,1403.1666666666663,6546,-1.287174397516921,360508,33454,1885474,7314,5516,0.7541700847689363,6557,3048,94,0.45827695083446096,0.21706550640560796,0.2143548222833282
10000,20260909,four-galaxybrain,"Galaxybrain,Galaxybrain,Galaxybrain,Galaxybrain",True,False,True,16,0302e29ba5a746d90d56d5ae7e005d57837af024,4586.341,Dock Fishing,0.5466795928259816,10315,5639,0.25396128906440435,1736.3333333333326,6837,0.19221109734719732,384984,33163,1860998,10445,5718,0.5474389660124461,6867,6488,27,0.9411082100377139,0.25549434534219423,0.25396128906440435
10000,20260909,four-galaxybrain,"Galaxybrain,Galaxybrain,Galaxybrain,Galaxybrain",True,False,True,16,0302e29ba5a746d90d56d5ae7e005d57837af024,4586.341,Doritos,0.6099067729978659,8903,5430,0.2575665399239543,1693.4999999999993,6575,0.19961084204749113,370280,33425,1875702,9027,5532,0.6128281821203058,6598,4961,108,0.7397852669251417,0.25665823089901174,0.2575665399239543
10000,20260909,four-galaxybrain,"Galaxybrain,Galaxybrain,Galaxybrain,Galaxybrain",True,False,True,16,0302e29ba5a746d90d56d5ae7e005d57837af024,4586.341,Doxology,0.32580546179809755,16295,5309,0.22975283693455612,1477.9999999999995,6433,-0.5159025932395451,358425,33567,1887557,16432,5309,0.32308909444985395,6458,3761,26,0.5800431832202344,0.2349783386701827,0.22975283693455612
10000,20260909,four-galaxybrain,"Galaxybrain,Galaxybrain,Galaxybrain,Galaxybrain",True,False,True,16,0302e29ba5a746d90d56d5ae7e005d57837af024,4586.341,Dumbed Down Settlers,0.5495388277298423,10083,5541,0.2446130997331721,1619.5833333333326,6621,0.20521580948373952,372900,33379,1873082,10147,5541,0.5460727308564107,6652,6133,33,0.9174270755422588,0.242570534801179,0.2446130997331721
10000,20260909,four-galaxybrain,"Galaxybrain,Galaxybrain,Galaxybrain,Galaxybrain",True,False,True,16,0302e29ba5a746d90d56d5ae7e005d57837af024,4586.341,Early Bedtime,0.7594078583287216,7228,5489,0.2650300095828919,1751.5833333333328,6609,0.09654184325574278,371625,33391,1874357,7337,5542,0.7553495979283086,6630,3884,34,0.5828331332533013,0.2677583303259954,0.2650300095828919
10000,20260909,four-galaxybrain,"Galaxybrain,Galaxybrain,Galaxybrain,Galaxybrain",True,False,True,16,0302e29ba5a746d90d56d5ae7e005d57837af024,4586.341,Epic Duels,0.5949461563066425,9379,5580,0.2204855880285226,1463.583333333333,6638,-0.635918232344892,369200,33362,1876782,9470,5580,0.5892291446673706,6668,5687,27,0.8494398805078417,0.22113201911589006,0.2204855880285226
10000,20260909,four-galaxybrain,"Galaxybrain,Galaxybrain,Galaxybrain,Galaxybrain",True,False,True,16,0302e29ba5a746d90d56d5ae7e005d57837af024,4586.341,Epic Playlist,0.31336674047313834,17162,5378,0.23447825418779772,1525.7499999999998,6507,-0.4250955305368933,363049,33493,1882933,17285,5378,0.3111368238356957,6524,3721,27,0.5680048847504198,0.23230445022932938,0.23447825418779772
10000,20260909,four-galaxybrain,"Galaxybrain,Galaxybrain,Galaxybrain,Galaxybrain",True,False,True,16,0302e29ba5a746d90d56d5ae7e005d57837af024,4586.341,Epic Prank,0.3804415530486539,14449,5497,0.27985692771084325,1858.249999999999,6640,1.2508646095172082,379760,33360,1866222,14559,5497,0.37756714060031593,6662,6182,35,0.9230998954755861,0.282320659753805,0.27985692771084325
10000,20260909,four-galaxybrain,"Galaxybrain,Galaxybrain,Galaxybrain,Galaxybrain",True,False,True,16,0302e29ba5a746d90d56d5ae7e005d57837af024,4586.341,Euchre,0.5933831376734259,9370,5560,0.23057644110275682,1533.3333333333328,6650,-0.28416002525052875,371819,33350,1874163,9463,5560,0.587551516432421,6689,5915,31,0.8802083333333334,0.22419064748201442,0.23057644110275682
10000,20260909,four-galaxybrain,"Galaxybrain,Galaxybrain,Galaxybrain,Galaxybrain",True,False,True,16,0302e29ba5a746d90d56d5ae7e005d57837af024,4586.341,Euchre Tournament,0.19666229139321206,26665,5244,0.21668506544709026,1373.9999999999993,6341,-0.4550957208005286,353616,33659,1892366,26936,5244,0.19468369468369467,6354,3450,30,0.5404135338345865,0.2146739130434783,0.21668506544709026
10000,20260909,four-galaxybrain,"Galaxybrain,Galaxybrain,Galaxybrain,Galaxybrain",True,False,True,16,0302e29ba5a746d90d56d5ae7e005d57837af024,4586.341,Euchre Tournament Awards Ceremony,0.11878538098960184,42219,5015,0.2675039872408293,1677.2499999999995,6270,0.6047312578403137,355255,33730,1890727,42588,5015,0.11775617544848314,6278,2957,30,0.4687698161065314,0.26306081754735783,0.2675039872408293
10000,20260909,four-galaxybrain,"Galaxybrain,Galaxybrain,Galaxybrain,Galaxybrain",True,False,True,16,0302e29ba5a746d90d56d5ae7e005d57837af024,4586.341,Evening Chat,0.9250865596474661,6354,5878,0.2595282934265984,1929.3333333333323,7434,0.2500243746640862,418929,32566,1827053,6396,5878,0.9190118824265165,7706,7280,51,0.9385071548278974,0.26763638425768393,0.2595282934265984
10000,20260909,four-galaxybrain,"Galaxybrain,Galaxybrain,Galaxybrain,Galaxybrain",True,False,True,16,0302e29ba5a746d90d56d5ae7e005d57837af024,4586.341,Evening on the Dock,0.09136038186157518,52375,4785,0.2383296576349506,1512.9166666666663,6348,-0.20360053540328238,355350,33652,1890632,53005,5060,0.09546269219884916,6357,2439,40,0.381272471471002,0.24115612648221343,0.2383296576349506
10000,20260909,four-galaxybrain,"Galaxybrain,Galaxybrain,Galaxybrain,Galaxybrain",True,False,True,16,0302e29ba5a746d90d56d5ae7e005d57837af024,4586.341,Fajitas,0.10167548500881834,45360,4612,0.28402164775115585,1801.8333333333326,6344,0.7966243884044815,360465,33656,1885517,46122,5132,0.11127010970903256,6374,4495,95,0.6948523728551553,0.28833787996882304,0.28402164775115585
10000,20260909,four-galaxybrain,"Galaxybrain,Galaxybrain,Galaxybrain,Galaxybrain",True,False,True,16,0302e29ba5a746d90d56d5ae7e005d57837af024,4586.341,Family Baseball Game,0.8635809987819733,6568,5672,0.2764709963918955,1992.2499999999989,7206,0.9085119972207778,409981,32794,1836001,6605,5672,0.8587433762301286,7401,7105,48,0.9538193046046449,0.27936941701927587,0.2764709963918955
10000,20260909,four-galaxybrain,"Galaxybrain,Galaxybrain,Galaxybrain,Galaxybrain",True,False,True,16,0302e29ba5a746d90d56d5ae7e005d57837af024,4586.341,Fancy Craft,0.13504625421100475,37402,5051,0.24937694704049837,1600.9999999999995,6420,0.21372479168174152,361632,33580,1884350,37875,5284,0.13951155115511552,6448,3303,38,0.5092506938020351,0.2482336613676507,0.24937694704049837
10000,20260909,four-galaxybrain,"Galaxybrain,Galaxybrain,Galaxybrain,Galaxybrain",True,False,True,16,0302e29ba5a746d90d56d5ae7e005d57837af024,4586.341,Fancy Floatie,0.5651141175255603,9683,5472,0.22498093058733787,1474.7499999999998,6555,-0.8619728486230116,363336,33445,1882646,9761,5472,0.5605982993545743,6572,2958,45,0.44703037630346076,0.22738486842105268,0.22498093058733787
10000,20260909,four-galaxybrain,"Galaxybrain,Galaxybrain,Galaxybrain,Galaxybrain",True,False,True,16,0302e29ba5a746d90d56d5ae7e005d57837af024,4586.341,Fishing Boat,0.1310669670284661,39064,5120,0.23381285434218188,1470.9166666666663,6291,-0.3932446327504664,351152,33709,1894830,39420,5120,0.12988330796549974,6306,2437,25,0.38493129047543834,0.2320149739583334,0.23381285434218188
10000,20260909,four-galaxybrain,"Galaxybrain,Galaxybrain,Galaxybrain,Galaxybrain",True,False,True,16,0302e29ba5a746d90d56d5ae7e005d57837af024,4586.341,Fishing Evening,0.08965761335270668,53682,4813,0.2977901406274145,1926.9999999999993,6471,1.2831977082656465,370304,33529,1875678,54320,5100,0.0938880706921944,6509,4289,36,0.6553093964858671,0.3017483660130718,0.2977901406274145
10000,20260909,four-galaxybrain,"Galaxybrain,Galaxybrain,Galaxybrain,Galaxybrain",True,False,True,16,0302e29ba5a746d90d56d5ae7e005d57837af024,4586.341,Fishing Morning,0.8111682586333578,6805,5520,0.2775731754284612,1921.9166666666656,6924,0.7464062423259392,393053,33076,1852929,6904,5579,0.808082271147161,7028,6650,40,0.9408602150537635,0.2842056521479356,0.2775731754284612
10000,20260909,four-galaxybrain,"Galaxybrain,Galaxybrain,Galaxybrain,Galaxybrain",True,False,True,16,0302e29ba5a746d90d56d5ae7e005d57837af024,4586.341,Fit to Print,0.8091334894613583,6832,5528,0.22756073127973944,1514.416666666666,6655,-1.0494758539995601,367853,33345,1878129,6909,5528,0.8001157909972499,6680,4071,32,0.6065256257449344,0.23017667631452005,0.22756073127973944
10000,20260909,four-galaxybrain,"Galaxybrain,Galaxybrain,Galaxybrain,Galaxybrain",True,False,True,16,0302e29ba5a746d90d56d5ae7e005d57837af024,4586.341,Floating,0.7785329934862645,7062,5498,0.251580781677869,1684.333333333333,6695,-0.06175296799143126,375577,33305,1870405,7159,5555,0.7759463612236346,6722,5895,20,0.8743696232571937,0.2576957695769576,0.251580781677869
10000,20260909,four-galaxybrain,"Galaxybrain,Galaxybrain,Galaxybrain,Galaxybrain",True,False,True,16,0302e29ba5a746d90d56d5ae7e005d57837af024,4586.341,Forced Family Fun,0.13678591592670533,38966,5330,0.25177167390854527,1622.4166666666658,6444,0.10438646008535812,362392,33556,1883590,39305,5330,0.1356061569774838,6459,3145,31,0.48459167950693377,0.25481550969355843,0.25177167390854527
10000,20260909,four-galaxybrain,"Galaxybrain,Galaxybrain,Galaxybrain,Galaxybrain",True,False,True,16,0302e29ba5a746d90d56d5ae7e005d57837af024,4586.341,Grocery Store Run,0.10122435264716383,47617,4820,0.24939736938636473,1586.416666666666,6361,-0.09034354466476913,356684,33639,1889298,48251,5214,0.10805993658162526,6369,2240,110,0.34573236610588054,0.2520777394195115,0.24939736938636473
10000,20260909,four-galaxybrain,"Galaxybrain,Galaxybrain,Galaxybrain,Galaxybrain",True,False,True,16,0302e29ba5a746d90d56d5ae7e005d57837af024,4586.341,Group Dinner,0.6871832900753924,8091,5560,0.2439613526570047,1666.499999999999,6831,0.28253897776644266,385158,33169,1860824,8251,5711,0.6921585262392437,6929,6351,103,0.9031569965870307,0.2465709449600186,0.2439613526570047
10000,20260909,four-galaxybrain,"Galaxybrain,Galaxybrain,Galaxybrain,Galaxybrain",True,False,True,16,0302e29ba5a746d90d56d5ae7e005d57837af024,4586.341,High-End Red,0.08773527625986642,52704,4624,0.23475803884113336,1474.7499999999998,6282,-0.22141301227200216,351559,33718,1894423,53385,5038,0.0943710780181699,6292,1810,119,0.2823272500389955,0.2410678840809845,0.23475803884113336
10000,20260909,four-galaxybrain,"Galaxybrain,Galaxybrain,Galaxybrain,Galaxybrain",True,False,True,16,0302e29ba5a746d90d56d5ae7e005d57837af024,4586.341,High-End White,0.2738088740926704,18323,5017,0.21625162127107647,1389.4166666666663,6425,-0.6975467548985819,356999,33575,1888983,18684,5315,0.28446799400556627,6455,4757,99,0.725816295392127,0.21149263091878334,0.21625162127107647
10000,20260909,four-galaxybrain,"Galaxybrain,Galaxybrain,Galaxybrain,Galaxybrain",True,False,True,16,0302e29ba5a746d90d56d5ae7e005d57837af024,4586.341,Hold the Baby,0.13889329316632312,37842,5256,0.2348484848484848,1487.9999999999998,6336,-0.10080846487690565,355226,33664,1890756,38187,5256,0.1376384633514023,6363,3638,32,0.5688819390148554,0.23566717402333842,0.2348484848484848
10000,20260909,four-galaxybrain,"Galaxybrain,Galaxybrain,Galaxybrain,Galaxybrain",True,False,True,16,0302e29ba5a746d90d56d5ae7e005d57837af024,4586.341,Ice Cream Sandwich,0.28432740054678346,17923,5096,0.24701600041158608,1600.4166666666663,6479,-0.2451273170604793,362462,33521,1883520,18254,5382,0.2948394872356744,6511,5397,97,0.8167372881355932,0.24568004459308806,0.24701600041158608
10000,20260909,four-galaxybrain,"Galaxybrain,Galaxybrain,Galaxybrain,Galaxybrain",True,False,True,16,0302e29ba5a746d90d56d5ae7e005d57837af024,4586.341,Ice Wine,0.0852576457325721,54998,4689,0.24615932847640154,1554.2499999999993,6314,0.051857047715500926,354804,33686,1891178,55764,5147,0.0922996915572771,6320,1602,110,0.24914463452566096,0.2526714591023897,0.24615932847640154
10000,20260909,four-galaxybrain,"Galaxybrain,Galaxybrain,Galaxybrain,Galaxybrain",True,False,True,16,0302e29ba5a746d90d56d5ae7e005d57837af024,4586.341,Johnny Appleseed,0.6174555886571775,9063,5596,0.23494816586921838,1571.3333333333326,6688,-0.2889152406822646,373919,33312,1872063,9130,5596,0.6129244249726178,6718,6194,31,0.9177655949029486,0.23475101262806763,0.23494816586921838
10000,20260909,four-galaxybrain,"Galaxybrain,Galaxybrain,Galaxybrain,Galaxybrain",True,False,True,16,0302e29ba5a746d90d56d5ae7e005d57837af024,4586.341,Kayak,0.6912065439672802,7824,5408,0.2474483445357231,1656.666666666666,6695,0.21989046178422456,377147,33305,1868835,7880,5408,0.6862944162436548,6720,6148,23,0.9117603440605072,0.24961476824457596,0.2474483445357231
10000,20260909,four-galaxybrain,"Galaxybrain,Galaxybrain,Galaxybrain,Galaxybrain",True,False,True,16,0302e29ba5a746d90d56d5ae7e005d57837af024,4586.341,Keeper,0.5580985915492958,9656,5389,0.2343265285699989,1561.0833333333326,6662,-0.3586352488856335,372077,33338,1873905,9878,5585,0.565397853816562,6699,6198,81,0.9141592920353983,0.233109519546404,0.2343265285699989
10000,20260909,four-galaxybrain,"Galaxybrain,Galaxybrain,Galaxybrain,Galaxybrain",True,False,True,16,0302e29ba5a746d90d56d5ae7e005d57837af024,4586.341,Kneeboard,0.5508491710473109,9892,5449,0.2568554396423248,1723.4999999999995,6710,0.49486439674109306,379527,33290,1866455,9974,5449,0.5463204331261279,6750,6225,29,0.918277032010621,0.2566525968067535,0.2568554396423248
10000,20260909,four-galaxybrain,"Galaxybrain,Galaxybrain,Galaxybrain,Galaxybrain",True,False,True,16,0302e29ba5a746d90d56d5ae7e005d57837af024,4586.341,Last Year's Shorts,0.1395498737712843,37234,5196,0.23064609247887463,1464.8333333333328,6351,-0.37543228966046627,354600,33649,1891382,37582,5196,0.13825767654728327,6362,2538,31,0.3969967151572032,0.22785155247626376,0.23064609247887463
10000,20260909,four-galaxybrain,"Galaxybrain,Galaxybrain,Galaxybrain,Galaxybrain",True,False,True,16,0302e29ba5a746d90d56d5ae7e005d57837af024,4586.341,Leftovers,0.13584613684094174,36188,4916,0.24887705003656105,1588.3333333333326,6382,0.009614892888684778,358398,33618,1887584,36655,5244,0.14306370208702768,6400,3801,104,0.584409594095941,0.24543923213831678,0.24887705003656105
10000,20260909,four-galaxybrain,"Galaxybrain,Galaxybrain,Galaxybrain,Galaxybrain",True,False,True,16,0302e29ba5a746d90d56d5ae7e005d57837af024,4586.341,Long Distance Visitors,0.10285576478626982,49759,5118,0.24796423439246365,1552.9999999999998,6263,0.17234086526233483,352575,33737,1893407,50204,5118,0.10194406820173692,6271,1805,24,0.28673550436854645,0.25210042985541226,0.24796423439246365
10000,20260909,four-galaxybrain,"Galaxybrain,Galaxybrain,Galaxybrain,Galaxybrain",True,False,True,16,0302e29ba5a746d90d56d5ae7e005d57837af024,4586.341,M&Ms,0.6190695002871913,8705,5389,0.250444139891376,1644.666666666666,6567,-0.17109096883916664,367795,33433,1878187,8820,5476,0.6208616780045352,6589,5442,101,0.8134529147982063,0.25286096907718525,0.250444139891376
10000,20260909,four-galaxybrain,"Galaxybrain,Galaxybrain,Galaxybrain,Galaxybrain",True,False,True,16,0302e29ba5a746d90d56d5ae7e005d57837af024,4586.341,Make Plans,0.15441805576043663,33895,5234,0.2515065765340878,1599.8333333333326,6361,0.36839589235847114,359138,33639,1886844,34191,5234,0.1530812202041473,6388,3833,28,0.5974127182044888,0.246146987644886,0.2515065765340878
10000,20260909,four-galaxybrain,"Galaxybrain,Galaxybrain,Galaxybrain,Galaxybrain",True,False,True,16,0302e29ba5a746d90d56d5ae7e005d57837af024,4586.341,Medical Advice,0.34992698791981947,15066,5272,0.25285928686021836,1628.6666666666663,6441,0.17279356900037612,362593,33559,1883389,15205,5272,0.34672804998355805,6447,3244,35,0.5004628201172477,0.24963644410723318,0.25285928686021836
10000,20260909,four-galaxybrain,"Galaxybrain,Galaxybrain,Galaxybrain,Galaxybrain",True,False,True,16,0302e29ba5a746d90d56d5ae7e005d57837af024,4586.341,Morning Bike,0.3022997898669157,17132,5179,0.2916149229017902,1878.5833333333323,6442,0.8967683673573816,366562,33558,1879420,17297,5179,0.29941608371393885,6462,3030,42,0.46586715867158673,0.28300186651219655,0.2916149229017902
10000,20260909,four-galaxybrain,"Galaxybrain,Galaxybrain,Galaxybrain,Galaxybrain",True,False,True,16,0302e29ba5a746d90d56d5ae7e005d57837af024,4586.341,Morning Coffee,0.31772595828462435,16253,5164,0.2575566750629722,1635.9999999999993,6352,0.12409149817162302,357325,33648,1888657,16429,5278,0.32126118449083935,6357,2640,101,0.4087952926602663,0.2554313502589364,0.2575566750629722
10000,20260909,four-galaxybrain,"Galaxybrain,Galaxybrain,Galaxybrain,Galaxybrain",True,False,True,16,0302e29ba5a746d90d56d5ae7e005d57837af024,4586.341,Morning Run,0.12083640836408364,40650,4912,0.277826619778346,1738.0833333333326,6256,0.6102089267892197,354492,33744,1891490,41019,4912,0.11974938443160486,6264,1792,33,0.28457995871049707,0.27546484799131365,0.277826619778346
10000,20260909,four-galaxybrain,"Galaxybrain,Galaxybrain,Galaxybrain,Galaxybrain",True,False,True,16,0302e29ba5a746d90d56d5ae7e005d57837af024,4586.341,Morning Walk,0.7188413499867127,7526,5410,0.22550645955863863,1495.3333333333328,6631,-0.8620544167341251,367559,33369,1878423,7590,5410,0.7127799736495388,6648,2528,29,0.37861314961809195,0.22553912507701787,0.22550645955863863
10000,20260909,four-galaxybrain,"Galaxybrain,Galaxybrain,Galaxybrain,Galaxybrain",True,False,True,16,0302e29ba5a746d90d56d5ae7e005d57837af024,4586.341,Movie,0.6038699858680291,9199,5555,0.23911084409732639,1591.999999999999,6658,-0.3304104405368875,372010,33342,1873972,9321,5626,0.6035833065121768,6695,5990,29,0.8908387864366448,0.24179405142789426,0.23911084409732639
10000,20260909,four-galaxybrain,"Galaxybrain,Galaxybrain,Galaxybrain,Galaxybrain",True,False,True,16,0302e29ba5a746d90d56d5ae7e005d57837af024,4586.341,Nap,0.6339235367091463,8867,5621,0.2503322504430005,1695.2499999999993,6772,-0.1345218284936891,379488,33228,1866494,8956,5673,0.6334301027244306,6797,5647,26,0.8276417997948117,0.253114166519772,0.2503322504430005
10000,20260909,four-galaxybrain,"Galaxybrain,Galaxybrain,Galaxybrain,Galaxybrain",True,False,True,16,0302e29ba5a746d90d56d5ae7e005d57837af024,4586.341,Navy SEALing,0.20265435660703982,25995,5268,0.36490394286863814,2418.5833333333335,6628,2.753254492742549,387384,33372,1858598,26214,5268,0.20096131837949188,6644,5451,37,0.8158958239784463,0.3855827638572512,0.36490394286863814
10000,20260909,four-galaxybrain,"Galaxybrain,Galaxybrain,Galaxybrain,Galaxybrain",True,False,True,16,0302e29ba5a746d90d56d5ae7e005d57837af024,4586.341,New Nos Book Entry,0.3409274821039527,16065,5477,0.2208649468892261,1455.5,6590,-0.875594842030246,365206,33410,1880776,16210,5477,0.3378778531770512,6623,4902,29,0.7369212266987373,0.22113687541841642,0.2208649468892261
10000,20260909,four-galaxybrain,"Galaxybrain,Galaxybrain,Galaxybrain,Galaxybrain",True,False,True,16,0302e29ba5a746d90d56d5ae7e005d57837af024,4586.341,Newfangled Tres Fute,0.36968752118213244,14753,5454,0.26932753888380595,1766.2499999999993,6558,0.8392131313400455,372830,33442,1873152,14874,5454,0.3666801129487697,6595,6067,28,0.9160501283406312,0.26893105977264387,0.26932753888380595
10000,20260909,four-galaxybrain,"Galaxybrain,Galaxybrain,Galaxybrain,Galaxybrain",True,False,True,16,0302e29ba5a746d90d56d5ae7e005d57837af024,4586.341,Nos Book,0.12526936942380118,49653,6220,0.22772047207508592,1633.6666666666663,7174,-0.4297136513073312,400287,32826,1845695,50092,6220,0.12417152439511299,7443,2469,39,0.32999198075380914,0.2285369774919614,0.22772047207508592
10000,20260909,four-galaxybrain,"Galaxybrain,Galaxybrain,Galaxybrain,Galaxybrain",True,False,True,16,0302e29ba5a746d90d56d5ae7e005d57837af024,4586.341,Nos Shirt,0.3034397342791195,17763,5390,0.24410657175281128,1577.4166666666665,6462,-0.19128458414822092,361802,33538,1884180,17898,5390,0.30115096658844565,6477,3296,21,0.5072329947676208,0.24746444032158316,0.24410657175281128
10000,20260909,four-galaxybrain,"Galaxybrain,Galaxybrain,Galaxybrain,Galaxybrain",True,False,True,16,0302e29ba5a746d90d56d5ae7e005d57837af024,4586.341,Outdoor Movie,0.6035516093229745,9010,5438,0.24200621460432012,1609.583333333333,6651,-0.23293644679828418,372159,33349,1873823,9131,5504,0.602781732559413,6673,5957,28,0.8889717952544396,0.2349806201550388,0.24200621460432012
10000,20260909,four-galaxybrain,"Galaxybrain,Galaxybrain,Galaxybrain,Galaxybrain",True,False,True,16,0302e29ba5a746d90d56d5ae7e005d57837af024,4586.341,Paddleboard,0.3796017341465207,13609,5166,0.24334477200644722,1560.083333333333,6411,0.15830567381594562,360827,33589,1885155,13730,5166,0.37625637290604513,6433,5681,40,0.8776456048200216,0.24853206865401983,0.24334477200644722
10000,20260909,four-galaxybrain,"Galaxybrain,Galaxybrain,Galaxybrain,Galaxybrain",True,False,True,16,0302e29ba5a746d90d56d5ae7e005d57837af024,4586.341,Paddleboat,0.11142984211696687,44970,5011,0.2864903972638778,1814.916666666666,6335,1.2334916984059134,362284,33665,1883698,45382,5011,0.11041822749107576,6345,2767,29,0.43410731095073735,0.2899288232555045,0.2864903972638778
10000,20260909,four-galaxybrain,"Galaxybrain,Galaxybrain,Galaxybrain,Galaxybrain",True,False,True,16,0302e29ba5a746d90d56d5ae7e005d57837af024,4586.341,Paint,0.7616573225762341,7313,5570,0.24729437229437218,1675.6666666666658,6776,0.09854919176220278,381024,33224,1864958,7429,5641,0.7593215776012923,6828,6458,37,0.9407137654770575,0.2428204219110087,0.24729437229437218
10000,20260909,four-galaxybrain,"Galaxybrain,Galaxybrain,Galaxybrain,Galaxybrain",True,False,True,16,0302e29ba5a746d90d56d5ae7e005d57837af024,4586.341,Paint Rocks,0.6034214618973561,9002,5432,0.23533393501805042,1564.499999999999,6648,-0.5610952451464755,370172,33352,1875810,9115,5499,0.6032912781130005,6677,5835,23,0.8708955223880597,0.23690671031096558,0.23533393501805042
10000,20260909,four-galaxybrain,"Galaxybrain,Galaxybrain,Galaxybrain,Galaxybrain",True,False,True,16,0302e29ba5a746d90d56d5ae7e005d57837af024,4586.341,Photo Shoot,0.1722254463523709,29293,5045,0.22292466922748608,1392.833333333333,6248,-0.7024553427136979,347119,33752,1898863,29534,5045,0.17082007178167535,6250,552,43,0.08771651040839028,0.22614800132144042,0.22292466922748608
10000,20260909,four-galaxybrain,"Galaxybrain,Galaxybrain,Galaxybrain,Galaxybrain",True,False,True,16,0302e29ba5a746d90d56d5ae7e005d57837af024,4586.341,Play With the Kids,0.4014942099364961,13385,5374,0.23192313534862513,1526.7499999999993,6583,-0.3048379525919458,367956,33417,1878026,13512,5374,0.39772054470100654,6617,5207,32,0.7831252819972928,0.23128333953603777,0.23192313534862513
10000,20260909,four-galaxybrain,"Galaxybrain,Galaxybrain,Galaxybrain,Galaxybrain",True,False,True,16,0302e29ba5a746d90d56d5ae7e005d57837af024,4586.341,Poker,0.397627385121132,13993,5564,0.22455232092837127,1496.416666666666,6664,-0.8924738361867384,369224,33336,1876758,14089,5564,0.39491802115125274,6687,5631,31,0.838195891634415,0.22187275341480953,0.22455232092837127
10000,20260909,four-galaxybrain,"Galaxybrain,Galaxybrain,Galaxybrain,Galaxybrain",True,False,True,16,0302e29ba5a746d90d56d5ae7e005d57837af024,4586.341,Ponyback,0.7538796624013069,7346,5538,0.24093361306758568,1607.7499999999993,6673,-0.31151379274574964,372954,33327,1873028,7417,5538,0.7466630713226372,6697,4925,33,0.7317979197622585,0.2424912724208498,0.24093361306758568
10000,20260909,four-galaxybrain,"Galaxybrain,Galaxybrain,Galaxybrain,Galaxybrain",True,False,True,16,0302e29ba5a746d90d56d5ae7e005d57837af024,4586.341,Potato Pancakes,0.12509252405625462,39179,4901,0.23023974036850917,1466.1666666666663,6368,-0.6931613347422143,353849,33632,1892133,39646,5206,0.13131211219290723,6390,2888,117,0.4438297218380206,0.22778204635676785,0.23023974036850917
10000,20260909,four-galaxybrain,"Galaxybrain,Galaxybrain,Galaxybrain,Galaxybrain",True,False,True,16,0302e29ba5a746d90d56d5ae7e005d57837af024,4586.341,Prime Picnic Table,0.09473353304486112,54078,5123,0.23951914467793747,1515.9166666666663,6329,-0.1999968381599544,354305,33671,1891677,54567,5123,0.09388458225667529,6336,1758,26,0.27632819867966046,0.240972086667968,0.23951914467793747
10000,20260909,four-galaxybrain,"Galaxybrain,Galaxybrain,Galaxybrain,Galaxybrain",True,False,True,16,0302e29ba5a746d90d56d5ae7e005d57837af024,4586.341,Pudding Chômeur,0.3287619288377678,15823,5202,0.23988454203391568,1551.3333333333328,6467,-0.41559744620061423,360866,33533,1885116,16091,5414,0.3364613759244298,6489,5651,116,0.8555639666919,0.2430119443418298,0.23988454203391568
10000,20260909,four-galaxybrain,"Galaxybrain,Galaxybrain,Galaxybrain,Galaxybrain",True,False,True,16,0302e29ba5a746d90d56d5ae7e005d57837af024,4586.341,Puerto Rico,0.5264118325009605,10412,5481,0.2735323759133282,1809.4166666666658,6615,1.1214774469187319,377621,33385,1868361,10495,5481,0.5222486898523107,6652,6282,37,0.9391538346539094,0.27355105516025047,0.2735323759133282
10000,20260909,four-galaxybrain,"Galaxybrain,Galaxybrain,Galaxybrain,Galaxybrain",True,False,True,16,0302e29ba5a746d90d56d5ae7e005d57837af024,4586.341,Read the Radar,0.0,0,0,0.0,0.0,0,0.0,0,40000,2245982,0,0,0.0,0,0,0,0.0,0.0,0.0
10000,20260909,four-galaxybrain,"Galaxybrain,Galaxybrain,Galaxybrain,Galaxybrain",True,False,True,16,0302e29ba5a746d90d56d5ae7e005d57837af024,4586.341,Risk,0.451005735519832,12379,5583,0.2673892100192678,1850.333333333333,6920,0.7405613296894558,392793,33080,1853189,12522,5583,0.4458552946813608,7041,6242,54,0.8797744890768147,0.2696131112305212,0.2673892100192678
10000,20260909,four-galaxybrain,"Galaxybrain,Galaxybrain,Galaxybrain,Galaxybrain",True,False,True,16,0302e29ba5a746d90d56d5ae7e005d57837af024,4586.341,Rouladen,0.08184965380811078,56616,4634,0.2395132885046429,1495.9999999999995,6246,-0.1969552129171177,349672,33754,1896310,57320,5039,0.08790997906489881,6249,814,112,0.12796730073887755,0.24063967718462662,0.2395132885046429
10000,20260909,four-galaxybrain,"Galaxybrain,Galaxybrain,Galaxybrain,Galaxybrain",True,False,True,16,0302e29ba5a746d90d56d5ae7e005d57837af024,4586.341,San Juan,0.49592141040259624,11401,5654,0.25806850806850795,1737.8333333333326,6734,0.35568080965784077,380103,33266,1865879,11500,5654,0.4916521739130435,6759,6468,31,0.9525773195876288,0.25722202570451586,0.25806850806850795
10000,20260909,four-galaxybrain,"Galaxybrain,Galaxybrain,Galaxybrain,Galaxybrain",True,False,True,16,0302e29ba5a746d90d56d5ae7e005d57837af024,4586.341,Schwank,0.3121137577248455,16667,5202,0.20811979085779367,1340.0833333333335,6439,-1.1044835461945297,355580,33561,1890402,16826,5309,0.31552359443718053,6452,2429,100,0.37072649572649574,0.2107427638601118,0.20811979085779367
10000,20260909,four-galaxybrain,"Galaxybrain,Galaxybrain,Galaxybrain,Galaxybrain",True,False,True,16,0302e29ba5a746d90d56d5ae7e005d57837af024,4586.341,Scout the Other Cottages,0.32337827217217824,16541,5349,0.25258871890935575,1618.0833333333328,6406,0.05334172503151535,359981,33594,1886001,16672,5349,0.3208373320537428,6421,2232,33,0.34583204214440655,0.2488003988284414,0.25258871890935575
10000,20260909,four-galaxybrain,"Galaxybrain,Galaxybrain,Galaxybrain,Galaxybrain",True,False,True,16,0302e29ba5a746d90d56d5ae7e005d57837af024,4586.341,Scrabble,0.36237869089407393,14529,5265,0.24382859204287763,1577.0833333333326,6468,0.24505350707188,364504,33532,1881478,14663,5265,0.3590670394871445,6495,5635,29,0.8637339055793991,0.24723013611902497,0.24382859204287763
10000,20260909,four-galaxybrain,"Galaxybrain,Galaxybrain,Galaxybrain,Galaxybrain",True,False,True,16,0302e29ba5a746d90d56d5ae7e005d57837af024,4586.341,Screamer Battle,0.4465857720675708,12609,5631,0.26491400721683295,1884.3333333333326,7113,0.8560429037259354,404398,32887,1841584,12750,5631,0.4416470588235294,7240,6384,48,0.8759604829857299,0.26466583792103227,0.26491400721683295
10000,20260909,four-galaxybrain,"Galaxybrain,Galaxybrain,Galaxybrain,Galaxybrain",True,False,True,16,0302e29ba5a746d90d56d5ae7e005d57837af024,4586.341,Settlers (Cities and Knights),0.5014141045525043,10961,5496,0.2512291792093116,1669.166666666666,6644,0.4668209964003509,375644,33356,1870338,11048,5496,0.49746560463432293,6679,6346,36,0.9450483991064781,0.2522743813682678,0.2512291792093116
10000,20260909,four-galaxybrain,"Galaxybrain,Galaxybrain,Galaxybrain,Galaxybrain",True,False,True,16,0302e29ba5a746d90d56d5ae7e005d57837af024,4586.341,Shady Spot,0.13820555907550755,36301,5017,0.2598276580235342,1663.416666666666,6402,0.32219917063761727,361202,33598,1884780,36779,5252,0.1427988797955355,6424,3491,26,0.5412403100775194,0.2626618431073876,0.2598276580235342
10000,20260909,four-galaxybrain,"Galaxybrain,Galaxybrain,Galaxybrain,Galaxybrain",True,False,True,16,0302e29ba5a746d90d56d5ae7e005d57837af024,4586.341,Sing Song,0.5459350374783779,10406,5681,0.23711707724836495,1607.416666666666,6779,-0.10688910550224051,380036,33221,1865946,10501,5681,0.5409960956099419,6835,6320,41,0.9191390343222804,0.23550724637681156,0.23711707724836495
10000,20260909,four-galaxybrain,"Galaxybrain,Galaxybrain,Galaxybrain,Galaxybrain",True,False,True,16,0302e29ba5a746d90d56d5ae7e005d57837af024,4586.341,Ski Boat,0.13540057093470917,38183,5170,0.22721538946704503,1440.9999999999995,6342,-0.5628145158493041,353097,33658,1892885,38522,5170,0.1342090234151913,6354,2432,28,0.38107176433719836,0.23081882656350744,0.22721538946704503
10000,20260909,four-galaxybrain,"Galaxybrain,Galaxybrain,Galaxybrain,Galaxybrain",True,False,True,16,0302e29ba5a746d90d56d5ae7e005d57837af024,4586.341,Ski on Cousin's Shoulders,0.3915320820602357,13746,5382,0.22922625319885584,1522.7499999999993,6643,-0.016690359689569334,372909,33357,1873073,13881,5382,0.38772422736114115,6674,5731,31,0.8547352721849366,0.22552025269416578,0.22922625319885584
10000,20260909,four-galaxybrain,"Galaxybrain,Galaxybrain,Galaxybrain,Galaxybrain",True,False,True,16,0302e29ba5a746d90d56d5ae7e005d57837af024,4586.341,Slalom Start,0.22148463593854376,23952,5305,0.20637464387464377,1352.166666666666,6552,-1.1766942231543993,361445,33448,1884537,24199,5305,0.21922393487334188,6573,3523,24,0.5340306199787782,0.20827835375431988,0.20637464387464377
10000,20260909,four-galaxybrain,"Galaxybrain,Galaxybrain,Galaxybrain,Galaxybrain",True,False,True,16,0302e29ba5a746d90d56d5ae7e005d57837af024,4586.341,Sleep In,0.567938771230866,9538,5417,0.2515981735159816,1652.9999999999993,6570,-0.1935106911418103,367840,33430,1878142,9651,5482,0.5680240389596933,6573,2281,26,0.34565843309592365,0.2500912075884713,0.2515981735159816
10000,20260909,four-galaxybrain,"Galaxybrain,Galaxybrain,Galaxybrain,Galaxybrain",True,False,True,16,0302e29ba5a746d90d56d5ae7e005d57837af024,4586.341,Solo,0.6384816456415502,8799,5618,0.26955655206776274,1803.3333333333328,6690,0.5306872658394539,378597,33310,1867385,8853,5618,0.6345871456003614,6732,6164,32,0.9112950916617386,0.2718642458763498,0.26955655206776274
10000,20260909,four-galaxybrain,"Galaxybrain,Galaxybrain,Galaxybrain,Galaxybrain",True,False,True,16,0302e29ba5a746d90d56d5ae7e005d57837af024,4586.341,Spikeball,0.4513022359936354,11941,5389,0.2640297498309668,1822.3333333333328,6902,0.6912562587550539,391492,33098,1854490,12060,5389,0.446849087893864,6989,6273,32,0.8934624697336562,0.26854085482773543,0.2640297498309668
10000,20260909,four-galaxybrain,"Galaxybrain,Galaxybrain,Galaxybrain,Galaxybrain",True,False,True,16,0302e29ba5a746d90d56d5ae7e005d57837af024,4586.341,Splendor,0.5295332895107522,10649,5639,0.25563230342642096,1720.9166666666658,6732,-0.03996614112323016,377775,33268,1868207,10736,5639,0.52524217585693,6761,6345,35,0.9336374337845792,0.25356150617721807,0.25563230342642096
10000,20260909,four-galaxybrain,"Galaxybrain,Galaxybrain,Galaxybrain,Galaxybrain",True,False,True,16,0302e29ba5a746d90d56d5ae7e005d57837af024,4586.341,Stay Up Late,0.8503616636528029,6636,5643,0.23706896551724127,1594.9999999999993,6728,-0.45729309587190414,375215,33272,1870767,6680,5643,0.8447604790419162,6747,5950,31,0.8778400708173503,0.2412428377340657,0.23706896551724127
10000,20260909,four-galaxybrain,"Galaxybrain,Galaxybrain,Galaxybrain,Galaxybrain",True,False,True,16,0302e29ba5a746d90d56d5ae7e005d57837af024,4586.341,Steak,0.28865979381443296,18139,5236,0.21757906607206925,1414.9166666666663,6503,-0.6589555753340903,361552,33497,1884430,18438,5486,0.29753769389304696,6543,4896,90,0.7381275440976933,0.21800947867298578,0.21757906607206925
10000,20260909,four-galaxybrain,"Galaxybrain,Galaxybrain,Galaxybrain,Galaxybrain",True,False,True,16,0302e29ba5a746d90d56d5ae7e005d57837af024,4586.341,Stretch,0.32161411139301677,16554,5324,0.2325691356131472,1516.583333333333,6521,-0.3256217591813524,364374,33479,1881608,16704,5324,0.31872605363984674,6543,4021,28,0.6119312129051895,0.23461369897320314,0.2325691356131472
10000,20260909,four-galaxybrain,"Galaxybrain,Galaxybrain,Galaxybrain,Galaxybrain",True,False,True,16,0302e29ba5a746d90d56d5ae7e005d57837af024,4586.341,Sunrise,0.8249699519230769,6656,5491,0.2735830360681727,1840.6666666666658,6728,0.6727290700024753,381539,33272,1864443,6751,5550,0.8221004295659903,6791,6438,31,0.9437115215479331,0.27390390390390384,0.2735830360681727
10000,20260909,four-galaxybrain,"Galaxybrain,Galaxybrain,Galaxybrain,Galaxybrain",True,False,True,16,0302e29ba5a746d90d56d5ae7e005d57837af024,4586.341,Sunscreen,0.12090786961747861,42429,5130,0.2229426959776477,1409.6666666666665,6323,-0.7554448884256999,351012,33677,1894970,42779,5130,0.11991865167488722,6331,1265,28,0.19893064947318762,0.22296946068875892,0.2229426959776477
10000,20260909,four-galaxybrain,"Galaxybrain,Galaxybrain,Galaxybrain,Galaxybrain",True,False,True,16,0302e29ba5a746d90d56d5ae7e005d57837af024,4586.341,Sweet Lawn Chair,0.0892183965820558,55706,4970,0.2399262965353991,1486.5833333333328,6196,-0.16091925969162446,347060,33804,1898922,56239,4970,0.08837283735486051,6201,1055,31,0.16928754813863928,0.24071093226022808,0.2399262965353991
10000,20260909,four-galaxybrain,"Galaxybrain,Galaxybrain,Galaxybrain,Galaxybrain",True,False,True,16,0302e29ba5a746d90d56d5ae7e005d57837af024,4586.341,Tanning,0.8721255438160348,6436,5613,0.23785241591877426,1749.1666666666658,7354,-0.091101915570313,412377,32646,1833605,6523,5672,0.8695385558791967,7615,7145,55,0.9315514993481095,0.24355018805829803,0.23785241591877426
10000,20260909,four-galaxybrain,"Galaxybrain,Galaxybrain,Galaxybrain,Galaxybrain",True,False,True,16,0302e29ba5a746d90d56d5ae7e005d57837af024,4586.341,Teach Kid to Ski,0.5673714105396024,9507,5394,0.23038919897420418,1527.2499999999995,6629,-0.7602271313036084,368011,33371,1877971,9581,5394,0.5629892495564137,6646,3234,34,0.48413173652694613,0.23376282288963043,0.23038919897420418
10000,20260909,four-galaxybrain,"Galaxybrain,Galaxybrain,Galaxybrain,Galaxybrain",True,False,True,16,0302e29ba5a746d90d56d5ae7e005d57837af024,4586.341,Tell a Story,0.3230897009966777,16856,5446,0.21880218612418387,1441.249999999999,6587,-0.9267213769899101,364758,33413,1881224,17003,5446,0.3202964182791272,6613,4858,40,0.7301969036524876,0.21742257314236751,0.21880218612418387
10000,20260909,four-galaxybrain,"Galaxybrain,Galaxybrain,Galaxybrain,Galaxybrain",True,False,True,16,0302e29ba5a746d90d56d5ae7e005d57837af024,4586.341,Terra Mystica,0.4490786442908852,12156,5459,0.25781365177649995,1748.749999999999,6783,0.5927102837909146,384201,33217,1861781,12257,5459,0.44537815126050423,6848,6138,38,0.8913738019169329,0.25181657202173774,0.25781365177649995
10000,20260909,four-galaxybrain,"Galaxybrain,Galaxybrain,Galaxybrain,Galaxybrain",True,False,True,16,0302e29ba5a746d90d56d5ae7e005d57837af024,4586.341,The Crew,0.6097993570557588,9021,5501,0.23565728053004056,1564.9999999999993,6641,-0.21471102546928478,371700,33359,1874282,9085,5501,0.6055035773252614,6675,5938,33,0.885211687537269,0.23674483427255644,0.23565728053004056
10000,20260909,four-galaxybrain,"Galaxybrain,Galaxybrain,Galaxybrain,Galaxybrain",True,False,True,16,0302e29ba5a746d90d56d5ae7e005d57837af024,4586.341,Thriller Book,0.5485766386384359,9871,5415,0.24864488348530892,1636.0833333333326,6580,0.18534685198423517,370483,33420,1875499,10018,5490,0.5480135755639848,6612,6230,42,0.9362789299669372,0.24427747419550688,0.24864488348530892
10000,20260909,four-galaxybrain,"Galaxybrain,Galaxybrain,Galaxybrain,Galaxybrain",True,False,True,16,0302e29ba5a746d90d56d5ae7e005d57837af024,4586.341,Throw a Baseball,0.34864452840193544,15087,5260,0.247576923076923,1609.2499999999995,6500,0.042787600459242014,365205,33500,1880777,15223,5260,0.3455297904486632,6522,5072,29,0.7742329415356434,0.2454531051964512,0.247576923076923
10000,20260909,four-galaxybrain,"Galaxybrain,Galaxybrain,Galaxybrain,Galaxybrain",True,False,True,16,0302e29ba5a746d90d56d5ae7e005d57837af024,4586.341,Treat Cereal,0.13543993161827556,36267,4912,0.2675050458003414,1722.9999999999989,6441,0.3113987609889435,363342,33559,1882640,36770,5266,0.14321457710089747,6461,4252,77,0.650351789538085,0.2682301557159133,0.2675050458003414
10000,20260909,four-galaxybrain,"Galaxybrain,Galaxybrain,Galaxybrain,Galaxybrain",True,False,True,16,0302e29ba5a746d90d56d5ae7e005d57837af024,4586.341,Treat Store Run,0.31653309587414663,16845,5332,0.24572915048920632,1582.2499999999995,6439,-0.19971421561291436,360468,33561,1885514,16920,5368,0.31725768321513004,6457,3600,103,0.5487804878048781,0.24386798310978638,0.24572915048920632
10000,20260909,four-galaxybrain,"Galaxybrain,Galaxybrain,Galaxybrain,Galaxybrain",True,False,True,16,0302e29ba5a746d90d56d5ae7e005d57837af024,4586.341,Trekking Through History,0.13038951805393326,39382,5135,0.22261754164031194,1407.8333333333328,6324,-0.5906556124858113,351945,33676,1894037,39714,5135,0.12929949136324723,6339,2672,23,0.419993712668972,0.222022070756248,0.22261754164031194
10000,20260909,four-galaxybrain,"Galaxybrain,Galaxybrain,Galaxybrain,Galaxybrain",True,False,True,16,0302e29ba5a746d90d56d5ae7e005d57837af024,4586.341,Tres Fute,0.5526083112290009,10179,5625,0.24645045583619776,1648.9999999999993,6691,-0.09451928453578518,375170,33309,1870812,10242,5625,0.5492091388400703,6726,6401,30,0.9474541148608644,0.2508148148148148,0.24645045583619776
10000,20260909,four-galaxybrain,"Galaxybrain,Galaxybrain,Galaxybrain,Galaxybrain",True,False,True,16,0302e29ba5a746d90d56d5ae7e005d57837af024,4586.341,Wakeboard,0.21820725026226834,25737,5616,0.3125088090204369,2217.2499999999995,7095,1.80294676658486,408904,32905,1837078,25985,5616,0.21612468731960746,7320,5593,73,0.7565264439334506,0.32521664292497615,0.3125088090204369
10000,20260909,four-galaxybrain,"Galaxybrain,Galaxybrain,Galaxybrain,Galaxybrain",True,False,True,16,0302e29ba5a746d90d56d5ae7e005d57837af024,4586.341,Wakesurf,0.17729404114043193,29217,5180,0.2102667912384511,1350.333333333333,6422,-0.9657689513192977,355386,33578,1890596,29477,5180,0.17573023034908572,6442,3077,29,0.47550610415700817,0.21317567567567566,0.2102667912384511
10000,20260909,four-galaxybrain,"Galaxybrain,Galaxybrain,Galaxybrain,Galaxybrain",True,False,True,16,0302e29ba5a746d90d56d5ae7e005d57837af024,4586.341,Water Trampoline,0.1677463459096976,30719,5153,0.21989088840624674,1417.4166666666665,6446,-0.807992566097326,357571,33554,1888411,31007,5153,0.1661882800657916,6463,3787,35,0.5827947060634041,0.219241218707549,0.21989088840624674
10000,20260909,four-galaxybrain,"Galaxybrain,Galaxybrain,Galaxybrain,Galaxybrain",True,False,True,16,0302e29ba5a746d90d56d5ae7e005d57837af024,4586.341,Water Volleyball,0.24278262433672093,22238,5399,0.24040740180507225,1589.3333333333326,6611,0.11259217678251332,371826,33389,1874156,22453,5399,0.24045784527680042,6633,5125,45,0.767445342917041,0.24110946471568806,0.24040740180507225
10000,20260909,four-galaxybrain,"Galaxybrain,Galaxybrain,Galaxybrain,Galaxybrain",True,False,True,16,0302e29ba5a746d90d56d5ae7e005d57837af024,4586.341,Waterski,0.4731081658828559,11695,5533,0.2621009268795056,1781.4999999999993,6797,0.529687730490096,384637,33203,1861345,11804,5533,0.46873941036936634,6858,6243,28,0.9066221318617484,0.2643532742936321,0.2621009268795056
10000,20260909,four-galaxybrain,"Galaxybrain,Galaxybrain,Galaxybrain,Galaxybrain",True,False,True,16,0302e29ba5a746d90d56d5ae7e005d57837af024,4586.341,Wedding Anniversary,0.6122962476753091,9141,5597,0.2804069160828736,1881.249999999999,6709,0.7705721368239296,381010,33291,1864972,9195,5597,0.6087003806416531,6896,6341,34,0.915007215007215,0.2820111964743016,0.2804069160828736
10000,20260909,four-galaxybrain,"Galaxybrain,Galaxybrain,Galaxybrain,Galaxybrain",True,False,True,16,0302e29ba5a746d90d56d5ae7e005d57837af024,4586.341,Weird Chip Flavor,0.14232767092517198,35615,5069,0.27033026951238504,1735.2499999999995,6419,0.32493365693427734,362175,33581,1883807,36044,5292,0.14682055265786262,6454,3991,85,0.610337972166998,0.28195074326026703,0.27033026951238504
10000,20260909,four-galaxybrain,"Galaxybrain,Galaxybrain,Galaxybrain,Galaxybrain",True,False,True,16,0302e29ba5a746d90d56d5ae7e005d57837af024,4586.341,Wildlife Spotting,0.8557382086341988,6509,5570,0.24769545499359158,1674.9166666666663,6762,0.10762687230465673,380288,33238,1865694,6593,5620,0.8524192325193387,6799,6241,31,0.9137628111273792,0.25096381969157766,0.24769545499359158
10000,20260909,four-galaxybrain,"Galaxybrain,Galaxybrain,Galaxybrain,Galaxybrain",True,False,True,16,0302e29ba5a746d90d56d5ae7e005d57837af024,4586.341,Wingspan,0.34501330629831456,15782,5445,0.23099883147894112,1515.5833333333328,6561,-0.475893803474257,365787,33439,1880195,15917,5445,0.34208707671043537,6602,5654,29,0.852661740310662,0.23071625344352617,0.23099883147894112
10000,20260909,four-galaxybrain,"Galaxybrain,Galaxybrain,Galaxybrain,Galaxybrain",True,False,True,16,0302e29ba5a746d90d56d5ae7e005d57837af024,4586.341,Work Call,0.09020618556701031,53156,4795,0.2776271006168899,1740.1666666666658,6268,0.6734302540593404,355505,33732,1890477,53754,5025,0.09348141533653309,6270,2157,27,0.3425440686040972,0.2851575456053067,0.2776271006168899
10000,20260909,four-galaxybrain,"Galaxybrain,Galaxybrain,Galaxybrain,Galaxybrain",True,False,True,16,0302e29ba5a746d90d56d5ae7e005d57837af024,4586.341,Wrestle the Kids,0.5233993683606086,10449,5469,0.29606019699015035,1973.8333333333323,6667,1.295939190080368,381549,33333,1864433,10524,5469,0.5196693272519954,6699,6193,30,0.9203447763412097,0.2934265862132016,0.29606019699015035
10000,20260909,four-galaxybrain,"Galaxybrain,Galaxybrain,Galaxybrain,Galaxybrain",True,False,True,16,0302e29ba5a746d90d56d5ae7e005d57837af024,4586.341,Würstchen,0.08925960132378974,51972,4639,0.3373309216734821,2144.749999999999,6358,1.8861818516186517,367085,33642,1878897,52760,5146,0.09753601213040182,6376,3898,103,0.601636054946751,0.34772962819017994,0.3373309216734821
10000,20260909,four-galaxybrain,"Galaxybrain,Galaxybrain,Galaxybrain,Galaxybrain",True,False,True,16,0302e29ba5a746d90d56d5ae7e005d57837af024,4586.341,Zero Gravity Chair,0.3116193116193116,17316,5396,0.22004542873367403,1420.8333333333333,6457,-0.9922369494578192,357185,33543,1888797,17451,5396,0.30920864133860526,6468,2206,22,0.3399075500770416,0.21959167284408204,0.22004542873367403
10000,20260909,four-galaxybrain,"Galaxybrain,Galaxybrain,Galaxybrain,Galaxybrain",True,False,True,16,0302e29ba5a746d90d56d5ae7e005d57837af024,4586.341,Zumba,0.30129972430090585,17773,5355,0.2754871794871794,1790.666666666666,6500,0.4825579793340964,367599,33500,1878383,17958,5355,0.29819579017707987,6515,3747,30,0.572498090145149,0.2775599128540304,0.2754871794871794
