run_games,seed,run_mode,competitors,rotate_seats,daily_conditions,characters,workers,code_revision,elapsed_seconds,character,player_games,fun_total,average_fun,win_credit,win_rate,overall_player_games,overall_fun_total,overall_average_fun,fun_difference
10000,20260909,four-galaxybrain,"Galaxybrain,Galaxybrain,Galaxybrain,Galaxybrain",True,False,True,16,79ec76774293c389c77601f13b173dee2846ce07+dirty,4692.946,Foodie,4391,244491,55.680027328626736,972.6666666666669,0.22151370226979433,40000,2259672,56.4918,-0.8117726713732623
10000,20260909,four-galaxybrain,"Galaxybrain,Galaxybrain,Galaxybrain,Galaxybrain",True,False,True,16,79ec76774293c389c77601f13b173dee2846ce07+dirty,4692.946,Gamer,4596,258633,56.273498694516974,1034.916666666667,0.22517769074557592,40000,2259672,56.4918,-0.21830130548302407
10000,20260909,four-galaxybrain,"Galaxybrain,Galaxybrain,Galaxybrain,Galaxybrain",True,False,True,16,79ec76774293c389c77601f13b173dee2846ce07+dirty,4692.946,Old Fogey,4367,252331,57.78131440348065,1271.8333333333333,0.2912373101289978,40000,2259672,56.4918,1.289514403480652
10000,20260909,four-galaxybrain,"Galaxybrain,Galaxybrain,Galaxybrain,Galaxybrain",True,False,True,16,79ec76774293c389c77601f13b173dee2846ce07+dirty,4692.946,Child,4404,250383,56.85354223433242,1287.583333333333,0.29236678776869507,40000,2259672,56.4918,0.36174223433242503
10000,20260909,four-galaxybrain,"Galaxybrain,Galaxybrain,Galaxybrain,Galaxybrain",True,False,True,16,79ec76774293c389c77601f13b173dee2846ce07+dirty,4692.946,Athlete,4531,259118,57.18781725888325,1249.3333333333333,0.27573015522695504,40000,2259672,56.4918,0.696017258883252
10000,20260909,four-galaxybrain,"Galaxybrain,Galaxybrain,Galaxybrain,Galaxybrain",True,False,True,16,79ec76774293c389c77601f13b173dee2846ce07+dirty,4692.946,Extrovert,4457,249111,55.89207987435495,995.1666666666667,0.22328172911524943,40000,2259672,56.4918,-0.5997201256450495
10000,20260909,four-galaxybrain,"Galaxybrain,Galaxybrain,Galaxybrain,Galaxybrain",True,False,True,16,79ec76774293c389c77601f13b173dee2846ce07+dirty,4692.946,Introvert,4404,244937,55.6169391462307,906.1666666666667,0.2057599152285801,40000,2259672,56.4918,-0.8748608537692988
10000,20260909,four-galaxybrain,"Galaxybrain,Galaxybrain,Galaxybrain,Galaxybrain",True,False,True,16,79ec76774293c389c77601f13b173dee2846ce07+dirty,4692.946,Planner,4518,269728,59.70075254537406,1731.5833333333333,0.38326324332300427,40000,2259672,56.4918,3.2089525453740606
10000,20260909,four-galaxybrain,"Galaxybrain,Galaxybrain,Galaxybrain,Galaxybrain",True,False,True,16,79ec76774293c389c77601f13b173dee2846ce07+dirty,4692.946,Gear Guy,4332,230940,53.310249307479225,550.75,0.12713527239150507,40000,2259672,56.4918,-3.181550692520773
